user_id,item_id,relevance
user_0000,item_0145,5
user_0000,item_0158,5
user_0000,item_0176,5
user_0000,item_0109,2
user_0000,item_0165,2
user_0000,item_0193,2
user_0000,item_0025,1
user_0000,item_0046,1
user_0000,item_0048,1
user_0000,item_0063,1
user_0000,item_0084,1
user_0000,item_0106,1
user_0000,item_0113,1
user_0000,item_0126,1
user_0000,item_0161,1
user_0000,item_0163,1
user_0000,item_0179,1
user_0000,item_0187,1
user_0001,item_0015,2
user_0001,item_0070,1
user_0001,item_0139,1
user_0002,item_0001,5
user_0002,item_0004,5
user_0002,item_0011,5
user_0002,item_0020,5
user_0002,item_0124,5
user_0002,item_0160,5
user_0002,item_0167,5
user_0002,item_0043,2
user_0002,item_0094,2
user_0002,item_0196,2
user_0002,item_0008,1
user_0002,item_0038,1
user_0002,item_0041,1
user_0002,item_0057,1
user_0002,item_0072,1
user_0002,item_0078,1
user_0002,item_0088,1
user_0002,item_0112,1
user_0002,item_0143,1
user_0002,item_0153,1
user_0002,item_0161,1
user_0002,item_0176,1
user_0002,item_0195,1
user_0002,item_0199,1
user_0003,item_0067,5
user_0003,item_0161,5
user_0003,item_0097,2
user_0003,item_0173,2
user_0003,item_0012,1
user_0003,item_0015,1
user_0003,item_0026,1
user_0003,item_0042,1
user_0003,item_0064,1
user_0003,item_0066,1
user_0003,item_0068,1
user_0003,item_0074,1
user_0003,item_0093,1
user_0003,item_0094,1
user_0003,item_0108,1
user_0003,item_0181,1
user_0003,item_0187,1
user_0004,item_0032,2
user_0004,item_0050,2
user_0004,item_0059,2
user_0004,item_0081,2
user_0004,item_0082,2
user_0004,item_0138,2
user_0004,item_0149,2
user_0004,item_0156,2
user_0004,item_0030,1
user_0004,item_0041,1
user_0004,item_0051,1
user_0004,item_0056,1
user_0004,item_0078,1
user_0004,item_0092,1
user_0004,item_0108,1
user_0004,item_0116,1
user_0004,item_0130,1
user_0004,item_0146,1
user_0004,item_0164,1
user_0004,item_0176,1
user_0005,item_0024,2
user_0006,item_0090,5
user_0006,item_0182,5
user_0006,item_0084,2
user_0006,item_0132,2
user_0006,item_0145,2
user_0006,item_0194,2
user_0006,item_0199,2
user_0006,item_0004,1
user_0006,item_0005,1
user_0006,item_0042,1
user_0006,item_0139,1
user_0006,item_0144,1
user_0006,item_0161,1
user_0006,item_0181,1
user_0007,item_0135,2
user_0007,item_0010,1
user_0007,item_0050,1
user_0007,item_0160,1
user_0008,item_0043,5
user_0008,item_0123,5
user_0008,item_0165,5
user_0008,item_0188,5
user_0008,item_0141,2
user_0008,item_0159,2
user_0008,item_0003,1
user_0008,item_0009,1
user_0008,item_0036,1
user_0008,item_0037,1
user_0008,item_0059,1
user_0008,item_0072,1
user_0008,item_0078,1
user_0008,item_0085,1
user_0008,item_0134,1
user_0008,item_0147,1
user_0008,item_0158,1
user_0008,item_0163,1
user_0008,item_0172,1
user_0009,item_0004,5
user_0009,item_0154,5
user_0009,item_0046,1
user_0009,item_0066,1
user_0009,item_0114,1
user_0009,item_0117,1
user_0009,item_0120,1
user_0009,item_0192,1
user_0010,item_0057,5
user_0010,item_0096,5
user_0010,item_0113,5
user_0010,item_0128,5
user_0010,item_0135,5
user_0010,item_0055,2
user_0010,item_0083,2
user_0010,item_0146,2
user_0010,item_0166,2
user_0010,item_0002,1
user_0010,item_0005,1
user_0010,item_0014,1
user_0010,item_0022,1
user_0010,item_0047,1
user_0010,item_0050,1
user_0010,item_0071,1
user_0010,item_0127,1
user_0010,item_0138,1
user_0010,item_0165,1
user_0010,item_0175,1
user_0010,item_0187,1
user_0011,item_0042,2
user_0011,item_0018,1
user_0011,item_0070,1
user_0011,item_0089,1
user_0011,item_0132,1
user_0012,item_0116,5
user_0012,item_0039,2
user_0012,item_0163,2
user_0012,item_0170,2
user_0012,item_0179,2
user_0012,item_0004,1
user_0012,item_0046,1
user_0012,item_0058,1
user_0012,item_0101,1
user_0012,item_0110,1
user_0012,item_0114,1
user_0012,item_0126,1
user_0012,item_0176,1
user_0012,item_0182,1
user_0013,item_0010,5
user_0013,item_0198,2
user_0013,item_0032,1
user_0013,item_0057,1
user_0014,item_0074,5
user_0014,item_0080,5
user_0014,item_0151,5
user_0014,item_0178,5
user_0014,item_0011,2
user_0014,item_0140,2
user_0014,item_0145,2
user_0014,item_0162,2
user_0014,item_0016,1
user_0014,item_0018,1
user_0014,item_0021,1
user_0014,item_0031,1
user_0014,item_0032,1
user_0014,item_0059,1
user_0014,item_0087,1
user_0014,item_0097,1
user_0014,item_0114,1
user_0014,item_0117,1
user_0014,item_0121,1
user_0014,item_0164,1
user_0014,item_0176,1
user_0014,item_0182,1
user_0014,item_0194,1
user_0015,item_0193,5
user_0015,item_0194,5
user_0015,item_0019,2
user_0015,item_0064,2
user_0015,item_0032,1
user_0015,item_0040,1
user_0015,item_0149,1
user_0015,item_0170,1
user_0015,item_0173,1
user_0015,item_0191,1
user_0016,item_0103,2
user_0016,item_0145,2
user_0016,item_0176,2
user_0016,item_0075,1
user_0016,item_0130,1
user_0017,item_0059,2
user_0017,item_0088,2
user_0017,item_0120,2
user_0017,item_0164,2
user_0017,item_0085,1
user_0017,item_0186,1
user_0018,item_0004,5
user_0018,item_0090,5
user_0018,item_0003,2
user_0018,item_0162,2
user_0018,item_0183,2
user_0018,item_0041,1
user_0018,item_0108,1
user_0018,item_0119,1
user_0018,item_0148,1
user_0018,item_0159,1
user_0018,item_0172,1
user_0018,item_0199,1
user_0019,item_0019,2
user_0019,item_0026,2
user_0019,item_0095,2
user_0019,item_0191,2
user_0019,item_0007,1
user_0019,item_0039,1
user_0019,item_0093,1
user_0019,item_0101,1
user_0019,item_0105,1
user_0019,item_0108,1
user_0019,item_0119,1
user_0019,item_0121,1
user_0019,item_0130,1
user_0019,item_0137,1
user_0019,item_0140,1
user_0019,item_0167,1
user_0019,item_0171,1
user_0019,item_0176,1
user_0019,item_0199,1
user_0020,item_0038,2
user_0020,item_0052,2
user_0020,item_0088,2
user_0020,item_0136,2
user_0020,item_0013,1
user_0020,item_0039,1
user_0020,item_0041,1
user_0020,item_0069,1
user_0020,item_0082,1
user_0020,item_0174,1
user_0021,item_0078,5
user_0021,item_0172,5
user_0021,item_0038,2
user_0021,item_0134,2
user_0021,item_0155,2
user_0021,item_0001,1
user_0021,item_0009,1
user_0021,item_0022,1
user_0021,item_0042,1
user_0021,item_0045,1
user_0021,item_0075,1
user_0021,item_0077,1
user_0021,item_0083,1
user_0021,item_0117,1
user_0021,item_0121,1
user_0021,item_0123,1
user_0021,item_0137,1
user_0021,item_0149,1
user_0021,item_0184,1
user_0022,item_0038,5
user_0022,item_0070,5
user_0022,item_0124,5
user_0022,item_0153,5
user_0022,item_0171,5
user_0022,item_0069,2
user_0022,item_0100,2
user_0022,item_0002,1
user_0022,item_0026,1
user_0022,item_0035,1
user_0022,item_0066,1
user_0022,item_0076,1
user_0022,item_0084,1
user_0022,item_0095,1
user_0022,item_0113,1
user_0022,item_0121,1
user_0022,item_0173,1
user_0022,item_0179,1
user_0022,item_0196,1
user_0023,item_0039,5
user_0023,item_0067,5
user_0023,item_0104,5
user_0023,item_0124,5
user_0023,item_0137,5
user_0023,item_0152,5
user_0023,item_0169,5
user_0023,item_0051,2
user_0023,item_0161,2
user_0023,item_0166,2
user_0023,item_0032,1
user_0023,item_0043,1
user_0023,item_0060,1
user_0023,item_0078,1
user_0023,item_0145,1
user_0023,item_0156,1
user_0023,item_0165,1
user_0023,item_0167,1
user_0023,item_0176,1
user_0023,item_0191,1
user_0024,item_0070,2
user_0024,item_0124,2
user_0024,item_0187,2
user_0024,item_0135,1
user_0024,item_0174,1
user_0025,item_0083,5
user_0025,item_0167,5
user_0025,item_0196,2
user_0025,item_0000,1
user_0025,item_0009,1
user_0025,item_0010,1
user_0025,item_0072,1
user_0025,item_0106,1
user_0025,item_0122,1
user_0025,item_0164,1
user_0025,item_0195,1
user_0026,item_0155,5
user_0026,item_0160,5
user_0026,item_0000,2
user_0026,item_0021,2
user_0026,item_0082,2
user_0026,item_0087,2
user_0026,item_0099,2
user_0026,item_0190,2
user_0026,item_0030,1
user_0026,item_0057,1
user_0026,item_0061,1
user_0026,item_0066,1
user_0026,item_0069,1
user_0026,item_0080,1
user_0026,item_0092,1
user_0026,item_0107,1
user_0026,item_0146,1
user_0026,item_0150,1
user_0026,item_0174,1
user_0026,item_0183,1
user_0026,item_0188,1
user_0026,item_0194,1
user_0027,item_0124,2
user_0027,item_0174,2
user_0027,item_0015,1
user_0027,item_0103,1
user_0027,item_0105,1
user_0027,item_0108,1
user_0028,item_0108,5
user_0028,item_0156,5
user_0028,item_0004,2
user_0028,item_0023,2
user_0028,item_0083,2
user_0028,item_0093,2
user_0028,item_0163,2
user_0028,item_0005,1
user_0028,item_0040,1
user_0028,item_0055,1
user_0028,item_0075,1
user_0028,item_0079,1
user_0028,item_0082,1
user_0028,item_0084,1
user_0028,item_0089,1
user_0028,item_0106,1
user_0028,item_0122,1
user_0028,item_0132,1
user_0028,item_0137,1
user_0028,item_0171,1
user_0028,item_0173,1
user_0029,item_0008,5
user_0029,item_0011,2
user_0029,item_0042,2
user_0029,item_0071,2
user_0029,item_0037,1
user_0029,item_0050,1
user_0029,item_0052,1
user_0029,item_0067,1
user_0029,item_0081,1
user_0029,item_0087,1
user_0029,item_0101,1
user_0029,item_0123,1
user_0029,item_0130,1
user_0029,item_0190,1
user_0029,item_0195,1
user_0030,item_0044,2
user_0030,item_0080,2
user_0030,item_0178,2
user_0030,item_0189,2
user_0030,item_0002,1
user_0030,item_0061,1
user_0030,item_0107,1
user_0030,item_0110,1
user_0030,item_0180,1
user_0030,item_0192,1
user_0031,item_0015,1
user_0031,item_0122,1
user_0031,item_0168,1
user_0031,item_0193,1
user_0032,item_0108,2
user_0032,item_0022,1
user_0032,item_0059,1
user_0032,item_0068,1
user_0032,item_0083,1
user_0032,item_0091,1
user_0032,item_0096,1
user_0032,item_0142,1
user_0032,item_0154,1
user_0032,item_0174,1
user_0033,item_0021,2
user_0033,item_0059,2
user_0033,item_0158,2
user_0033,item_0171,2
user_0033,item_0183,2
user_0033,item_0011,1
user_0033,item_0031,1
user_0033,item_0032,1
user_0033,item_0083,1
user_0033,item_0093,1
user_0033,item_0099,1
user_0033,item_0102,1
user_0033,item_0115,1
user_0033,item_0117,1
user_0033,item_0167,1
user_0034,item_0036,2
user_0034,item_0059,2
user_0034,item_0113,2
user_0034,item_0114,2
user_0034,item_0190,2
user_0034,item_0043,1
user_0034,item_0054,1
user_0034,item_0061,1
user_0034,item_0067,1
user_0034,item_0072,1
user_0034,item_0074,1
user_0034,item_0126,1
user_0034,item_0141,1
user_0034,item_0170,1
user_0034,item_0174,1
user_0034,item_0192,1
user_0035,item_0162,5
user_0035,item_0165,5
user_0035,item_0188,5
user_0035,item_0069,2
user_0035,item_0166,2
user_0035,item_0184,2
user_0035,item_0002,1
user_0035,item_0041,1
user_0035,item_0046,1
user_0035,item_0048,1
user_0035,item_0058,1
user_0035,item_0068,1
user_0035,item_0109,1
user_0035,item_0128,1
user_0035,item_0131,1
user_0035,item_0149,1
user_0035,item_0157,1
user_0036,item_0061,5
user_0036,item_0150,2
user_0036,item_0183,2
user_0036,item_0003,1
user_0036,item_0024,1
user_0036,item_0197,1
user_0037,item_0043,2
user_0037,item_0046,2
user_0037,item_0025,1
user_0037,item_0033,1
user_0037,item_0059,1
user_0037,item_0088,1
user_0037,item_0107,1
user_0037,item_0191,1
user_0038,item_0011,5
user_0038,item_0140,5
user_0038,item_0036,2
user_0038,item_0075,2
user_0038,item_0079,2
user_0038,item_0083,2
user_0038,item_0165,2
user_0038,item_0004,1
user_0038,item_0016,1
user_0038,item_0053,1
user_0038,item_0059,1
user_0038,item_0082,1
user_0038,item_0084,1
user_0038,item_0087,1
user_0038,item_0111,1
user_0038,item_0114,1
user_0038,item_0118,1
user_0039,item_0074,2
user_0039,item_0010,1
user_0039,item_0098,1
user_0039,item_0133,1
user_0040,item_0023,2
user_0040,item_0042,1
user_0040,item_0123,1
user_0040,item_0137,1
user_0040,item_0156,1
user_0041,item_0157,2
user_0041,item_0018,1
user_0041,item_0064,1
user_0041,item_0182,1
user_0042,item_0031,5
user_0042,item_0128,5
user_0042,item_0159,5
user_0042,item_0001,2
user_0042,item_0039,2
user_0042,item_0190,2
user_0042,item_0021,1
user_0042,item_0026,1
user_0042,item_0055,1
user_0042,item_0095,1
user_0042,item_0101,1
user_0042,item_0104,1
user_0042,item_0112,1
user_0042,item_0125,1
user_0042,item_0145,1
user_0042,item_0148,1
user_0042,item_0153,1
user_0042,item_0160,1
user_0042,item_0187,1
user_0043,item_0001,5
user_0043,item_0025,2
user_0043,item_0064,2
user_0043,item_0018,1
user_0043,item_0063,1
user_0043,item_0088,1
user_0043,item_0145,1
user_0043,item_0173,1
user_0043,item_0178,1
user_0043,item_0179,1
user_0043,item_0184,1
user_0044,item_0044,5
user_0044,item_0063,5
user_0044,item_0170,5
user_0044,item_0028,2
user_0044,item_0122,2
user_0044,item_0142,2
user_0044,item_0177,2
user_0044,item_0003,1
user_0044,item_0014,1
user_0044,item_0020,1
user_0044,item_0057,1
user_0044,item_0073,1
user_0044,item_0089,1
user_0044,item_0121,1
user_0044,item_0136,1
user_0044,item_0141,1
user_0044,item_0153,1
user_0044,item_0178,1
user_0044,item_0186,1
user_0045,item_0036,5
user_0045,item_0019,2
user_0045,item_0100,2
user_0045,item_0107,2
user_0045,item_0013,1
user_0045,item_0021,1
user_0045,item_0040,1
user_0045,item_0047,1
user_0045,item_0051,1
user_0045,item_0054,1
user_0045,item_0057,1
user_0045,item_0077,1
user_0045,item_0118,1
user_0045,item_0127,1
user_0045,item_0153,1
user_0045,item_0189,1
user_0045,item_0196,1
user_0045,item_0197,1
user_0046,item_0006,5
user_0046,item_0155,5
user_0046,item_0185,5
user_0046,item_0038,2
user_0046,item_0040,2
user_0046,item_0078,2
user_0046,item_0083,2
user_0046,item_0096,2
user_0046,item_0127,2
user_0046,item_0159,2
user_0046,item_0174,2
user_0046,item_0041,1
user_0046,item_0045,1
user_0046,item_0048,1
user_0046,item_0060,1
user_0046,item_0068,1
user_0046,item_0075,1
user_0046,item_0076,1
user_0046,item_0093,1
user_0046,item_0122,1
user_0046,item_0143,1
user_0046,item_0157,1
user_0046,item_0163,1
user_0046,item_0165,1
user_0046,item_0186,1
user_0047,item_0008,1
user_0047,item_0101,1
user_0047,item_0153,1
user_0048,item_0064,5
user_0048,item_0150,2
user_0048,item_0178,2
user_0048,item_0015,1
user_0048,item_0020,1
user_0048,item_0104,1
user_0048,item_0109,1
user_0048,item_0120,1
user_0049,item_0054,5
user_0049,item_0088,2
user_0049,item_0153,1
user_0050,item_0059,1
user_0050,item_0097,1
user_0050,item_0112,1
user_0050,item_0153,1
user_0050,item_0160,1
user_0051,item_0069,5
user_0051,item_0039,2
user_0051,item_0053,2
user_0051,item_0099,2
user_0051,item_0041,1
user_0051,item_0051,1
user_0051,item_0195,1
user_0052,item_0047,5
user_0052,item_0101,5
user_0052,item_0067,2
user_0052,item_0149,2
user_0052,item_0002,1
user_0052,item_0003,1
user_0052,item_0004,1
user_0052,item_0049,1
user_0052,item_0077,1
user_0052,item_0081,1
user_0052,item_0102,1
user_0052,item_0134,1
user_0052,item_0137,1
user_0052,item_0153,1
user_0052,item_0174,1
user_0052,item_0186,1
user_0052,item_0192,1
user_0053,item_0037,2
user_0053,item_0088,2
user_0053,item_0126,2
user_0053,item_0133,2
user_0053,item_0188,2
user_0053,item_0010,1
user_0053,item_0026,1
user_0053,item_0063,1
user_0053,item_0074,1
user_0053,item_0084,1
user_0053,item_0102,1
user_0053,item_0103,1
user_0053,item_0106,1
user_0053,item_0114,1
user_0053,item_0117,1
user_0053,item_0128,1
user_0053,item_0131,1
user_0053,item_0138,1
user_0053,item_0146,1
user_0053,item_0169,1
user_0053,item_0174,1
user_0053,item_0184,1
user_0054,item_0130,5
user_0054,item_0162,2
user_0054,item_0171,2
user_0054,item_0001,1
user_0054,item_0068,1
user_0054,item_0115,1
user_0054,item_0170,1
user_0054,item_0197,1
user_0055,item_0039,5
user_0055,item_0041,5
user_0055,item_0109,5
user_0055,item_0168,5
user_0055,item_0110,2
user_0055,item_0130,2
user_0055,item_0172,2
user_0055,item_0189,2
user_0055,item_0064,1
user_0055,item_0066,1
user_0055,item_0069,1
user_0055,item_0084,1
user_0055,item_0095,1
user_0055,item_0101,1
user_0055,item_0138,1
user_0055,item_0139,1
user_0055,item_0164,1
user_0055,item_0169,1
user_0056,item_0114,5
user_0056,item_0063,2
user_0056,item_0068,2
user_0056,item_0156,2
user_0056,item_0045,1
user_0056,item_0061,1
user_0056,item_0094,1
user_0056,item_0096,1
user_0056,item_0158,1
user_0056,item_0163,1
user_0056,item_0196,1
user_0057,item_0074,5
user_0057,item_0111,5
user_0057,item_0118,5
user_0057,item_0144,5
user_0057,item_0011,2
user_0057,item_0076,2
user_0057,item_0182,2
user_0057,item_0199,2
user_0057,item_0007,1
user_0057,item_0017,1
user_0057,item_0023,1
user_0057,item_0039,1
user_0057,item_0054,1
user_0057,item_0055,1
user_0057,item_0088,1
user_0057,item_0093,1
user_0057,item_0103,1
user_0057,item_0105,1
user_0057,item_0122,1
user_0057,item_0133,1
user_0057,item_0153,1
user_0058,item_0017,1
user_0058,item_0128,1
user_0058,item_0153,1
user_0058,item_0163,1
user_0059,item_0109,2
user_0059,item_0078,1
user_0060,item_0026,5
user_0060,item_0135,2
user_0060,item_0144,2
user_0060,item_0162,2
user_0060,item_0008,1
user_0060,item_0010,1
user_0060,item_0013,1
user_0060,item_0061,1
user_0060,item_0069,1
user_0060,item_0084,1
user_0060,item_0091,1
user_0060,item_0093,1
user_0060,item_0148,1
user_0060,item_0154,1
user_0060,item_0190,1
user_0061,item_0108,2
user_0061,item_0156,2
user_0061,item_0004,1
user_0061,item_0045,1
user_0061,item_0080,1
user_0061,item_0155,1
user_0061,item_0166,1
user_0061,item_0180,1
user_0061,item_0187,1
user_0062,item_0178,5
user_0062,item_0186,5
user_0062,item_0191,5
user_0062,item_0096,2
user_0062,item_0046,1
user_0062,item_0051,1
user_0062,item_0101,1
user_0062,item_0106,1
user_0062,item_0144,1
user_0062,item_0163,1
user_0062,item_0179,1
user_0063,item_0042,5
user_0063,item_0035,2
user_0063,item_0063,2
user_0063,item_0156,2
user_0063,item_0019,1
user_0063,item_0026,1
user_0063,item_0119,1
user_0063,item_0145,1
user_0063,item_0185,1
user_0064,item_0017,5
user_0064,item_0185,5
user_0064,item_0014,2
user_0064,item_0040,2
user_0064,item_0081,2
user_0064,item_0158,2
user_0064,item_0195,2
user_0064,item_0004,1
user_0064,item_0023,1
user_0064,item_0033,1
user_0064,item_0061,1
user_0064,item_0101,1
user_0064,item_0134,1
user_0064,item_0144,1
user_0064,item_0147,1
user_0064,item_0150,1
user_0064,item_0162,1
user_0064,item_0183,1
user_0065,item_0157,2
user_0065,item_0187,2
user_0065,item_0011,1
user_0065,item_0051,1
user_0065,item_0067,1
user_0065,item_0084,1
user_0065,item_0086,1
user_0065,item_0114,1
user_0065,item_0159,1
user_0066,item_0086,5
user_0066,item_0129,5
user_0066,item_0161,5
user_0066,item_0175,5
user_0066,item_0081,2
user_0066,item_0119,2
user_0066,item_0133,2
user_0066,item_0192,2
user_0066,item_0121,1
user_0066,item_0125,1
user_0066,item_0144,1
user_0066,item_0156,1
user_0067,item_0028,2
user_0067,item_0150,2
user_0067,item_0180,2
user_0067,item_0015,1
user_0067,item_0056,1
user_0067,item_0088,1
user_0067,item_0152,1
user_0067,item_0158,1
user_0067,item_0167,1
user_0067,item_0195,1
user_0068,item_0057,1
user_0068,item_0138,1
user_0068,item_0186,1
user_0069,item_0183,5
user_0069,item_0009,2
user_0069,item_0014,2
user_0069,item_0020,2
user_0069,item_0063,2
user_0069,item_0068,2
user_0069,item_0190,2
user_0069,item_0193,2
user_0069,item_0000,1
user_0069,item_0010,1
user_0069,item_0018,1
user_0069,item_0080,1
user_0069,item_0090,1
user_0069,item_0093,1
user_0069,item_0147,1
user_0069,item_0170,1
user_0069,item_0173,1
user_0069,item_0178,1
user_0069,item_0185,1
user_0070,item_0114,5
user_0070,item_0017,1
user_0071,item_0116,5
user_0071,item_0094,2
user_0071,item_0166,1
user_0071,item_0187,1
user_0072,item_0021,5
user_0072,item_0038,2
user_0072,item_0073,2
user_0072,item_0094,2
user_0072,item_0186,2
user_0072,item_0003,1
user_0072,item_0027,1
user_0072,item_0043,1
user_0072,item_0108,1
user_0072,item_0142,1
user_0072,item_0153,1
user_0072,item_0192,1
user_0073,item_0029,5
user_0073,item_0087,5
user_0073,item_0018,2
user_0073,item_0032,2
user_0073,item_0091,2
user_0073,item_0155,2
user_0073,item_0164,2
user_0073,item_0041,1
user_0073,item_0130,1
user_0073,item_0145,1
user_0073,item_0172,1
user_0073,item_0173,1
user_0074,item_0017,2
user_0074,item_0046,2
user_0074,item_0114,2
user_0074,item_0001,1
user_0074,item_0010,1
user_0074,item_0018,1
user_0074,item_0021,1
user_0074,item_0030,1
user_0074,item_0042,1
user_0074,item_0050,1
user_0074,item_0057,1
user_0074,item_0068,1
user_0074,item_0081,1
user_0074,item_0137,1
user_0074,item_0140,1
user_0074,item_0153,1
user_0074,item_0155,1
user_0074,item_0191,1
user_0075,item_0103,5
user_0075,item_0009,2
user_0075,item_0021,2
user_0075,item_0033,2
user_0075,item_0037,2
user_0075,item_0099,2
user_0075,item_0194,1
user_0076,item_0169,1
user_0076,item_0174,1
user_0076,item_0176,1
user_0076,item_0187,1
user_0077,item_0013,5
user_0077,item_0107,5
user_0077,item_0021,2
user_0077,item_0078,2
user_0077,item_0082,2
user_0077,item_0097,2
user_0077,item_0194,2
user_0077,item_0004,1
user_0077,item_0005,1
user_0077,item_0008,1
user_0077,item_0026,1
user_0077,item_0053,1
user_0077,item_0065,1
user_0077,item_0106,1
user_0077,item_0118,1
user_0077,item_0152,1
user_0077,item_0155,1
user_0077,item_0160,1
user_0077,item_0161,1
user_0077,item_0173,1
user_0078,item_0001,5
user_0078,item_0049,2
user_0078,item_0004,1
user_0078,item_0065,1
user_0078,item_0069,1
user_0078,item_0074,1
user_0078,item_0109,1
user_0078,item_0117,1
user_0078,item_0195,1
user_0079,item_0027,2
user_0079,item_0094,2
user_0079,item_0096,2
user_0079,item_0177,2
user_0079,item_0015,1
user_0079,item_0016,1
user_0079,item_0044,1
user_0079,item_0061,1
user_0079,item_0070,1
user_0079,item_0076,1
user_0079,item_0113,1
user_0079,item_0120,1
user_0079,item_0121,1
user_0079,item_0136,1
user_0079,item_0157,1
user_0079,item_0160,1
user_0079,item_0166,1
user_0079,item_0184,1
user_0080,item_0073,5
user_0081,item_0070,5
user_0081,item_0142,2
user_0081,item_0004,1
user_0081,item_0022,1
user_0081,item_0051,1
user_0081,item_0081,1
user_0081,item_0114,1
user_0081,item_0116,1
user_0081,item_0132,1
user_0081,item_0141,1
user_0081,item_0158,1
user_0081,item_0169,1
user_0081,item_0175,1
user_0081,item_0177,1
user_0081,item_0184,1
user_0082,item_0005,2
user_0082,item_0165,1
user_0083,item_0028,5
user_0083,item_0124,2
user_0083,item_0017,1
user_0083,item_0094,1
user_0083,item_0110,1
user_0083,item_0121,1
user_0083,item_0173,1
user_0083,item_0179,1
user_0083,item_0180,1
user_0084,item_0115,5
user_0084,item_0157,5
user_0084,item_0193,5
user_0084,item_0199,5
user_0084,item_0057,2
user_0084,item_0123,2
user_0084,item_0198,2
user_0084,item_0085,1
user_0084,item_0099,1
user_0084,item_0105,1
user_0084,item_0110,1
user_0084,item_0147,1
user_0084,item_0167,1
user_0084,item_0170,1
user_0084,item_0171,1
user_0084,item_0172,1
user_0084,item_0181,1
user_0084,item_0186,1
user_0084,item_0194,1
user_0085,item_0033,5
user_0085,item_0065,5
user_0085,item_0118,5
user_0085,item_0171,5
user_0085,item_0185,5
user_0085,item_0003,2
user_0085,item_0045,2
user_0085,item_0054,2
user_0085,item_0002,1
user_0085,item_0015,1
user_0085,item_0030,1
user_0085,item_0032,1
user_0085,item_0084,1
user_0085,item_0099,1
user_0085,item_0112,1
user_0085,item_0153,1
user_0085,item_0167,1
user_0085,item_0174,1
user_0085,item_0182,1
user_0085,item_0187,1
user_0086,item_0052,5
user_0086,item_0077,5
user_0086,item_0093,5
user_0086,item_0056,2
user_0086,item_0079,2
user_0086,item_0089,2
user_0086,item_0120,2
user_0086,item_0133,2
user_0086,item_0019,1
user_0086,item_0034,1
user_0086,item_0042,1
user_0086,item_0060,1
user_0086,item_0108,1
user_0086,item_0126,1
user_0086,item_0134,1
user_0086,item_0142,1
user_0086,item_0145,1
user_0086,item_0150,1
user_0086,item_0156,1
user_0086,item_0193,1
user_0086,item_0194,1
user_0087,item_0156,5
user_0087,item_0165,2
user_0087,item_0195,2
user_0087,item_0057,1
user_0087,item_0096,1
user_0087,item_0126,1
user_0087,item_0161,1
user_0087,item_0197,1
user_0088,item_0091,5
user_0088,item_0093,5
user_0088,item_0032,2
user_0088,item_0089,2
user_0088,item_0151,2
user_0088,item_0195,2
user_0088,item_0037,1
user_0088,item_0052,1
user_0088,item_0068,1
user_0088,item_0083,1
user_0088,item_0100,1
user_0088,item_0103,1
user_0088,item_0148,1
user_0088,item_0158,1
user_0088,item_0159,1
user_0088,item_0160,1
user_0088,item_0166,1
user_0088,item_0173,1
user_0088,item_0186,1
user_0088,item_0192,1
user_0089,item_0024,5
user_0089,item_0037,5
user_0089,item_0171,2
user_0089,item_0014,1
user_0089,item_0094,1
user_0089,item_0152,1
user_0090,item_0038,5
user_0090,item_0112,5
user_0090,item_0116,5
user_0090,item_0020,2
user_0090,item_0147,2
user_0090,item_0005,1
user_0090,item_0027,1
user_0090,item_0032,1
user_0090,item_0035,1
user_0090,item_0043,1
user_0090,item_0056,1
user_0090,item_0061,1
user_0090,item_0062,1
user_0090,item_0064,1
user_0090,item_0090,1
user_0090,item_0107,1
user_0090,item_0120,1
user_0090,item_0124,1
user_0090,item_0142,1
user_0090,item_0182,1
user_0090,item_0190,1
user_0091,item_0122,5
user_0091,item_0004,2
user_0091,item_0031,2
user_0091,item_0017,1
user_0091,item_0044,1
user_0091,item_0052,1
user_0091,item_0113,1
user_0091,item_0115,1
user_0091,item_0121,1
user_0091,item_0125,1
user_0091,item_0133,1
user_0092,item_0012,5
user_0092,item_0055,5
user_0092,item_0069,5
user_0092,item_0077,5
user_0092,item_0111,5
user_0092,item_0082,2
user_0092,item_0001,1
user_0092,item_0018,1
user_0092,item_0054,1
user_0092,item_0064,1
user_0092,item_0107,1
user_0092,item_0136,1
user_0092,item_0137,1
user_0092,item_0161,1
user_0093,item_0011,5
user_0093,item_0075,5
user_0093,item_0086,2
user_0093,item_0004,1
user_0093,item_0024,1
user_0093,item_0041,1
user_0093,item_0043,1
user_0093,item_0058,1
user_0093,item_0092,1
user_0093,item_0112,1
user_0093,item_0124,1
user_0093,item_0126,1
user_0093,item_0136,1
user_0093,item_0151,1
user_0093,item_0161,1
user_0093,item_0162,1
user_0093,item_0184,1
user_0094,item_0033,2
user_0094,item_0046,2
user_0094,item_0162,2
user_0094,item_0143,1
user_0095,item_0170,5
user_0095,item_0093,2
user_0095,item_0122,2
user_0095,item_0188,2
user_0095,item_0049,1
user_0095,item_0055,1
user_0095,item_0057,1
user_0095,item_0102,1
user_0095,item_0111,1
user_0095,item_0116,1
user_0095,item_0135,1
user_0095,item_0169,1
user_0096,item_0007,2
user_0096,item_0045,2
user_0096,item_0102,2
user_0096,item_0106,2
user_0096,item_0008,1
user_0096,item_0014,1
user_0096,item_0017,1
user_0096,item_0036,1
user_0096,item_0052,1
user_0096,item_0058,1
user_0096,item_0066,1
user_0096,item_0073,1
user_0096,item_0082,1
user_0096,item_0107,1
user_0096,item_0125,1
user_0096,item_0129,1
user_0096,item_0132,1
user_0096,item_0151,1
user_0096,item_0166,1
user_0096,item_0170,1
user_0096,item_0180,1
user_0096,item_0192,1
user_0097,item_0130,5
user_0097,item_0146,2
user_0097,item_0000,1
user_0097,item_0053,1
user_0097,item_0106,1
user_0098,item_0034,5
user_0098,item_0108,5
user_0098,item_0137,5
user_0098,item_0161,5
user_0098,item_0173,5
user_0098,item_0192,5
user_0098,item_0015,2
user_0098,item_0055,2
user_0098,item_0078,2
user_0098,item_0191,2
user_0098,item_0013,1
user_0098,item_0022,1
user_0098,item_0028,1
user_0098,item_0052,1
user_0098,item_0056,1
user_0098,item_0060,1
user_0098,item_0074,1
user_0098,item_0096,1
user_0098,item_0120,1
user_0098,item_0159,1
user_0098,item_0165,1
user_0098,item_0170,1
user_0099,item_0061,5
user_0099,item_0126,5
user_0099,item_0017,1
user_0099,item_0022,1
user_0099,item_0033,1
user_0099,item_0104,1
user_0099,item_0198,1
user_0100,item_0007,5
user_0100,item_0012,5
user_0100,item_0040,5
user_0100,item_0078,5
user_0100,item_0011,2
user_0100,item_0022,2
user_0100,item_0038,2
user_0100,item_0008,1
user_0100,item_0035,1
user_0100,item_0061,1
user_0100,item_0062,1
user_0100,item_0102,1
user_0100,item_0135,1
user_0100,item_0171,1
user_0100,item_0187,1
user_0100,item_0188,1
user_0100,item_0195,1
user_0101,item_0048,5
user_0101,item_0095,5
user_0101,item_0100,5
user_0101,item_0021,1
user_0101,item_0094,1
user_0101,item_0111,1
user_0101,item_0148,1
user_0101,item_0152,1
user_0101,item_0155,1
user_0102,item_0006,5
user_0102,item_0003,2
user_0102,item_0037,1
user_0102,item_0054,1
user_0102,item_0087,1
user_0102,item_0102,1
user_0102,item_0118,1
user_0102,item_0164,1
user_0102,item_0183,1
user_0103,item_0098,5
user_0103,item_0116,2
user_0103,item_0146,2
user_0103,item_0000,1
user_0103,item_0021,1
user_0103,item_0066,1
user_0103,item_0082,1
user_0103,item_0184,1
user_0103,item_0185,1
user_0103,item_0199,1
user_0104,item_0052,5
user_0104,item_0101,5
user_0104,item_0112,5
user_0104,item_0081,2
user_0104,item_0085,2
user_0104,item_0141,2
user_0104,item_0003,1
user_0104,item_0030,1
user_0104,item_0119,1
user_0105,item_0098,5
user_0105,item_0016,2
user_0105,item_0045,1
user_0105,item_0067,1
user_0105,item_0091,1
user_0105,item_0165,1
user_0106,item_0057,5
user_0106,item_0065,5
user_0106,item_0155,5
user_0106,item_0027,2
user_0106,item_0001,1
user_0106,item_0032,1
user_0106,item_0099,1
user_0106,item_0142,1
user_0107,item_0062,5
user_0107,item_0193,5
user_0107,item_0028,2
user_0107,item_0111,2
user_0107,item_0049,1
user_0107,item_0056,1
user_0107,item_0093,1
user_0107,item_0097,1
user_0107,item_0125,1
user_0107,item_0136,1
user_0107,item_0148,1
user_0107,item_0164,1
user_0107,item_0183,1
user_0108,item_0048,5
user_0108,item_0073,2
user_0108,item_0074,2
user_0108,item_0077,2
user_0108,item_0127,2
user_0108,item_0010,1
user_0108,item_0079,1
user_0108,item_0080,1
user_0108,item_0083,1
user_0108,item_0096,1
user_0108,item_0099,1
user_0108,item_0116,1
user_0108,item_0119,1
user_0108,item_0133,1
user_0108,item_0167,1
user_0108,item_0183,1
user_0108,item_0191,1
user_0109,item_0090,2
user_0109,item_0070,1
user_0109,item_0092,1
user_0110,item_0023,5
user_0110,item_0053,5
user_0110,item_0113,5
user_0110,item_0146,5
user_0110,item_0122,2
user_0110,item_0004,1
user_0110,item_0010,1
user_0110,item_0017,1
user_0110,item_0080,1
user_0110,item_0112,1
user_0110,item_0115,1
user_0110,item_0118,1
user_0110,item_0145,1
user_0110,item_0161,1
user_0110,item_0162,1
user_0111,item_0025,5
user_0111,item_0105,5
user_0111,item_0118,5
user_0111,item_0020,2
user_0111,item_0027,2
user_0111,item_0099,2
user_0111,item_0024,1
user_0111,item_0033,1
user_0111,item_0080,1
user_0111,item_0086,1
user_0111,item_0102,1
user_0111,item_0129,1
user_0111,item_0131,1
user_0112,item_0014,1
user_0112,item_0064,1
user_0112,item_0176,1
user_0112,item_0185,1
user_0112,item_0193,1
user_0113,item_0040,5
user_0113,item_0075,5
user_0113,item_0144,5
user_0113,item_0000,2
user_0113,item_0002,2
user_0113,item_0131,2
user_0113,item_0163,2
user_0113,item_0003,1
user_0113,item_0007,1
user_0113,item_0021,1
user_0113,item_0027,1
user_0113,item_0036,1
user_0113,item_0067,1
user_0113,item_0078,1
user_0113,item_0079,1
user_0113,item_0094,1
user_0113,item_0136,1
user_0113,item_0151,1
user_0113,item_0164,1
user_0113,item_0167,1
user_0113,item_0194,1
user_0114,item_0078,5
user_0114,item_0126,5
user_0114,item_0022,2
user_0114,item_0197,2
user_0114,item_0001,1
user_0114,item_0011,1
user_0114,item_0058,1
user_0114,item_0081,1
user_0114,item_0164,1
user_0114,item_0168,1
user_0115,item_0117,5
user_0115,item_0141,5
user_0115,item_0033,2
user_0115,item_0053,2
user_0115,item_0092,2
user_0115,item_0003,1
user_0115,item_0006,1
user_0115,item_0008,1
user_0115,item_0011,1
user_0115,item_0075,1
user_0115,item_0079,1
user_0115,item_0088,1
user_0115,item_0102,1
user_0115,item_0123,1
user_0115,item_0124,1
user_0115,item_0162,1
user_0115,item_0182,1
user_0115,item_0186,1
user_0115,item_0187,1
user_0115,item_0190,1
user_0116,item_0039,5
user_0116,item_0061,5
user_0116,item_0179,5
user_0116,item_0031,2
user_0116,item_0070,2
user_0116,item_0096,2
user_0116,item_0108,2
user_0116,item_0145,2
user_0116,item_0166,2
user_0116,item_0057,1
user_0116,item_0101,1
user_0116,item_0112,1
user_0116,item_0138,1
user_0116,item_0151,1
user_0116,item_0171,1
user_0116,item_0178,1
user_0116,item_0180,1
user_0116,item_0196,1
user_0117,item_0065,5
user_0117,item_0143,5
user_0117,item_0019,2
user_0117,item_0034,1
user_0117,item_0076,1
user_0117,item_0090,1
user_0117,item_0146,1
user_0117,item_0156,1
user_0117,item_0162,1
user_0117,item_0172,1
user_0117,item_0194,1
user_0117,item_0195,1
user_0118,item_0189,5
user_0118,item_0004,2
user_0118,item_0041,2
user_0118,item_0082,2
user_0118,item_0127,2
user_0118,item_0170,2
user_0118,item_0176,2
user_0118,item_0000,1
user_0118,item_0024,1
user_0118,item_0034,1
user_0118,item_0060,1
user_0118,item_0069,1
user_0118,item_0089,1
user_0118,item_0119,1
user_0118,item_0132,1
user_0118,item_0134,1
user_0118,item_0135,1
user_0118,item_0147,1
user_0118,item_0152,1
user_0118,item_0175,1
user_0118,item_0177,1
user_0118,item_0182,1
user_0118,item_0199,1
user_0119,item_0018,5
user_0119,item_0025,2
user_0119,item_0033,2
user_0119,item_0010,1
user_0119,item_0074,1
user_0119,item_0114,1
user_0119,item_0117,1
user_0119,item_0122,1
user_0119,item_0135,1
user_0119,item_0139,1
user_0119,item_0149,1
user_0119,item_0164,1
user_0119,item_0168,1
user_0119,item_0197,1
user_0120,item_0094,5
user_0120,item_0080,2
user_0120,item_0001,1
user_0120,item_0041,1
user_0120,item_0098,1
user_0120,item_0138,1
user_0121,item_0028,5
user_0121,item_0068,5
user_0121,item_0168,5
user_0121,item_0090,2
user_0121,item_0111,2
user_0121,item_0199,2
user_0121,item_0022,1
user_0121,item_0030,1
user_0121,item_0034,1
user_0121,item_0043,1
user_0121,item_0051,1
user_0121,item_0065,1
user_0121,item_0066,1
user_0121,item_0086,1
user_0121,item_0113,1
user_0121,item_0149,1
user_0121,item_0161,1
user_0121,item_0171,1
user_0122,item_0105,5
user_0122,item_0196,5
user_0122,item_0016,2
user_0122,item_0059,2
user_0122,item_0000,1
user_0122,item_0020,1
user_0122,item_0023,1
user_0122,item_0027,1
user_0122,item_0028,1
user_0122,item_0052,1
user_0122,item_0058,1
user_0122,item_0060,1
user_0122,item_0091,1
user_0122,item_0121,1
user_0122,item_0131,1
user_0122,item_0134,1
user_0122,item_0158,1
user_0122,item_0161,1
user_0122,item_0164,1
user_0122,item_0171,1
user_0122,item_0175,1
user_0122,item_0182,1
user_0122,item_0199,1
user_0123,item_0113,5
user_0123,item_0116,1
user_0123,item_0150,1
user_0124,item_0091,5
user_0124,item_0071,2
user_0124,item_0194,2
user_0124,item_0082,1
user_0124,item_0151,1
user_0125,item_0007,2
user_0125,item_0044,2
user_0125,item_0091,2
user_0125,item_0027,1
user_0125,item_0040,1
user_0125,item_0067,1
user_0125,item_0076,1
user_0125,item_0118,1
user_0125,item_0127,1
user_0125,item_0130,1
user_0125,item_0139,1
user_0125,item_0147,1
user_0125,item_0190,1
user_0126,item_0070,5
user_0126,item_0124,5
user_0126,item_0182,5
user_0126,item_0088,2
user_0126,item_0106,2
user_0126,item_0159,2
user_0126,item_0174,2
user_0126,item_0188,2
user_0126,item_0011,1
user_0126,item_0085,1
user_0126,item_0089,1
user_0126,item_0091,1
user_0126,item_0099,1
user_0126,item_0148,1
user_0126,item_0151,1
user_0126,item_0184,1
user_0127,item_0047,2
user_0127,item_0129,1
user_0128,item_0133,5
user_0128,item_0024,1
user_0128,item_0074,1
user_0128,item_0088,1
user_0128,item_0119,1
user_0128,item_0158,1
user_0129,item_0062,5
user_0129,item_0150,5
user_0129,item_0032,2
user_0129,item_0049,2
user_0129,item_0045,1
user_0129,item_0091,1
user_0129,item_0166,1
user_0130,item_0157,5
user_0130,item_0081,2
user_0130,item_0098,2
user_0130,item_0125,2
user_0130,item_0183,2
user_0130,item_0004,1
user_0130,item_0008,1
user_0130,item_0027,1
user_0130,item_0068,1
user_0130,item_0085,1
user_0130,item_0106,1
user_0130,item_0186,1
user_0131,item_0045,5
user_0131,item_0038,2
user_0131,item_0122,2
user_0131,item_0147,2
user_0131,item_0161,2
user_0131,item_0166,2
user_0131,item_0172,2
user_0131,item_0005,1
user_0131,item_0012,1
user_0131,item_0033,1
user_0131,item_0073,1
user_0131,item_0076,1
user_0131,item_0084,1
user_0131,item_0110,1
user_0131,item_0112,1
user_0131,item_0179,1
user_0131,item_0190,1
user_0132,item_0132,5
user_0132,item_0016,2
user_0132,item_0080,2
user_0132,item_0081,2
user_0132,item_0114,2
user_0132,item_0115,2
user_0132,item_0126,2
user_0132,item_0141,2
user_0132,item_0161,2
user_0132,item_0011,1
user_0132,item_0030,1
user_0132,item_0035,1
user_0132,item_0038,1
user_0132,item_0044,1
user_0132,item_0064,1
user_0132,item_0130,1
user_0132,item_0164,1
user_0132,item_0168,1
user_0132,item_0171,1
user_0133,item_0161,5
user_0133,item_0113,2
user_0133,item_0129,2
user_0133,item_0150,2
user_0133,item_0155,2
user_0133,item_0000,1
user_0133,item_0007,1
user_0133,item_0015,1
user_0133,item_0069,1
user_0133,item_0097,1
user_0133,item_0098,1
user_0133,item_0115,1
user_0133,item_0118,1
user_0133,item_0135,1
user_0133,item_0164,1
user_0133,item_0199,1
user_0134,item_0084,5
user_0134,item_0002,2
user_0134,item_0024,2
user_0134,item_0046,2
user_0134,item_0121,2
user_0134,item_0135,2
user_0134,item_0012,1
user_0134,item_0039,1
user_0134,item_0041,1
user_0134,item_0044,1
user_0134,item_0061,1
user_0134,item_0070,1
user_0134,item_0087,1
user_0134,item_0111,1
user_0134,item_0122,1
user_0134,item_0143,1
user_0134,item_0166,1
user_0134,item_0168,1
user_0134,item_0192,1
user_0135,item_0087,5
user_0135,item_0026,2
user_0135,item_0171,2
user_0135,item_0179,2
user_0135,item_0042,1
user_0135,item_0062,1
user_0135,item_0084,1
user_0135,item_0100,1
user_0135,item_0116,1
user_0135,item_0172,1
user_0136,item_0011,5
user_0136,item_0050,2
user_0136,item_0065,2
user_0136,item_0132,2
user_0136,item_0176,2
user_0136,item_0190,2
user_0136,item_0001,1
user_0136,item_0009,1
user_0136,item_0013,1
user_0136,item_0037,1
user_0136,item_0040,1
user_0136,item_0061,1
user_0136,item_0067,1
user_0136,item_0069,1
user_0136,item_0088,1
user_0136,item_0097,1
user_0136,item_0110,1
user_0136,item_0112,1
user_0136,item_0145,1
user_0136,item_0178,1
user_0137,item_0055,1
user_0138,item_0157,5
user_0138,item_0079,2
user_0138,item_0142,2
user_0138,item_0174,2
user_0138,item_0000,1
user_0138,item_0021,1
user_0138,item_0031,1
user_0138,item_0066,1
user_0138,item_0098,1
user_0138,item_0108,1
user_0138,item_0114,1
user_0138,item_0128,1
user_0138,item_0137,1
user_0138,item_0141,1
user_0138,item_0144,1
user_0138,item_0165,1
user_0138,item_0195,1
user_0139,item_0039,5
user_0139,item_0056,5
user_0139,item_0124,5
user_0139,item_0140,5
user_0139,item_0005,2
user_0139,item_0146,2
user_0139,item_0148,2
user_0139,item_0160,2
user_0139,item_0017,1
user_0139,item_0022,1
user_0139,item_0062,1
user_0139,item_0085,1
user_0139,item_0093,1
user_0139,item_0135,1
user_0139,item_0139,1
user_0139,item_0141,1
user_0139,item_0142,1
user_0139,item_0156,1
user_0139,item_0181,1
user_0140,item_0149,5
user_0140,item_0193,5
user_0140,item_0020,2
user_0140,item_0046,2
user_0140,item_0050,2
user_0140,item_0073,2
user_0140,item_0172,2
user_0140,item_0002,1
user_0140,item_0040,1
user_0140,item_0043,1
user_0140,item_0067,1
user_0140,item_0085,1
user_0140,item_0104,1
user_0140,item_0117,1
user_0140,item_0124,1
user_0140,item_0127,1
user_0140,item_0134,1
user_0140,item_0137,1
user_0140,item_0139,1
user_0140,item_0144,1
user_0140,item_0164,1
user_0140,item_0188,1
user_0141,item_0022,2
user_0141,item_0045,2
user_0141,item_0083,2
user_0141,item_0170,2
user_0141,item_0178,2
user_0141,item_0015,1
user_0141,item_0021,1
user_0141,item_0123,1
user_0141,item_0149,1
user_0141,item_0187,1
user_0142,item_0154,2
user_0142,item_0068,1
user_0142,item_0111,1
user_0143,item_0006,5
user_0143,item_0039,2
user_0143,item_0024,1
user_0143,item_0038,1
user_0143,item_0040,1
user_0143,item_0053,1
user_0143,item_0063,1
user_0143,item_0099,1
user_0143,item_0122,1
user_0143,item_0133,1
user_0143,item_0135,1
user_0143,item_0140,1
user_0143,item_0146,1
user_0143,item_0149,1
user_0143,item_0150,1
user_0143,item_0154,1
user_0143,item_0162,1
user_0143,item_0192,1
user_0144,item_0035,5
user_0144,item_0039,5
user_0144,item_0074,5
user_0144,item_0084,5
user_0144,item_0043,2
user_0144,item_0051,2
user_0144,item_0086,2
user_0144,item_0129,2
user_0144,item_0009,1
user_0144,item_0013,1
user_0144,item_0026,1
user_0144,item_0070,1
user_0144,item_0139,1
user_0144,item_0140,1
user_0144,item_0147,1
user_0145,item_0072,5
user_0145,item_0090,5
user_0145,item_0115,5
user_0145,item_0014,2
user_0145,item_0103,2
user_0145,item_0161,2
user_0145,item_0165,2
user_0145,item_0176,2
user_0145,item_0180,2
user_0145,item_0181,2
user_0145,item_0004,1
user_0145,item_0026,1
user_0145,item_0082,1
user_0145,item_0088,1
user_0145,item_0117,1
user_0145,item_0138,1
user_0145,item_0146,1
user_0145,item_0147,1
user_0145,item_0157,1
user_0145,item_0167,1
user_0145,item_0169,1
user_0145,item_0185,1
user_0146,item_0046,5
user_0146,item_0181,5
user_0147,item_0023,5
user_0147,item_0006,2
user_0147,item_0025,2
user_0147,item_0059,2
user_0147,item_0109,2
user_0147,item_0145,2
user_0147,item_0004,1
user_0147,item_0010,1
user_0147,item_0013,1
user_0147,item_0026,1
user_0147,item_0072,1
user_0147,item_0093,1
user_0147,item_0101,1
user_0147,item_0107,1
user_0147,item_0136,1
user_0147,item_0156,1
user_0147,item_0176,1
user_0147,item_0196,1
user_0147,item_0198,1
user_0148,item_0019,5
user_0148,item_0034,5
user_0148,item_0122,5
user_0148,item_0185,5
user_0148,item_0191,5
user_0148,item_0008,1
user_0148,item_0018,1
user_0148,item_0097,1
user_0149,item_0043,2
user_0149,item_0101,2
user_0149,item_0130,2
user_0149,item_0168,2
user_0149,item_0171,2
user_0149,item_0008,1
user_0149,item_0025,1
user_0149,item_0034,1
user_0149,item_0039,1
user_0149,item_0059,1
user_0149,item_0095,1
user_0149,item_0115,1
user_0149,item_0162,1
user_0149,item_0165,1
user_0149,item_0173,1
user_0150,item_0007,5
user_0150,item_0067,5
user_0150,item_0185,5
user_0150,item_0015,2
user_0150,item_0106,2
user_0150,item_0174,2
user_0150,item_0181,2
user_0150,item_0020,1
user_0150,item_0056,1
user_0150,item_0076,1
user_0150,item_0081,1
user_0150,item_0086,1
user_0150,item_0117,1
user_0150,item_0119,1
user_0150,item_0124,1
user_0150,item_0126,1
user_0150,item_0138,1
user_0150,item_0141,1
user_0150,item_0159,1
user_0150,item_0188,1
user_0150,item_0197,1
user_0150,item_0199,1
user_0151,item_0130,2
user_0151,item_0134,2
user_0151,item_0151,2
user_0151,item_0000,1
user_0151,item_0035,1
user_0151,item_0045,1
user_0151,item_0056,1
user_0151,item_0067,1
user_0151,item_0069,1
user_0151,item_0157,1
user_0151,item_0159,1
user_0151,item_0165,1
user_0151,item_0166,1
user_0151,item_0171,1
user_0151,item_0180,1
user_0151,item_0189,1
user_0152,item_0017,5
user_0152,item_0022,2
user_0152,item_0056,2
user_0152,item_0073,2
user_0152,item_0130,2
user_0152,item_0138,2
user_0152,item_0161,2
user_0152,item_0175,2
user_0152,item_0020,1
user_0152,item_0062,1
user_0152,item_0076,1
user_0152,item_0088,1
user_0152,item_0112,1
user_0152,item_0116,1
user_0152,item_0120,1
user_0152,item_0142,1
user_0152,item_0158,1
user_0153,item_0021,5
user_0153,item_0138,5
user_0153,item_0181,5
user_0153,item_0052,2
user_0153,item_0060,2
user_0153,item_0078,2
user_0153,item_0096,2
user_0153,item_0028,1
user_0153,item_0053,1
user_0153,item_0065,1
user_0153,item_0124,1
user_0153,item_0165,1
user_0153,item_0192,1
user_0153,item_0196,1
user_0154,item_0080,5
user_0154,item_0184,5
user_0154,item_0195,5
user_0154,item_0045,2
user_0154,item_0066,2
user_0154,item_0094,2
user_0154,item_0139,2
user_0154,item_0027,1
user_0154,item_0059,1
user_0154,item_0091,1
user_0154,item_0100,1
user_0154,item_0158,1
user_0155,item_0126,5
user_0155,item_0074,2
user_0155,item_0049,1
user_0155,item_0093,1
user_0155,item_0116,1
user_0155,item_0142,1
user_0155,item_0145,1
user_0155,item_0169,1
user_0156,item_0130,5
user_0156,item_0167,5
user_0156,item_0014,2
user_0156,item_0080,2
user_0156,item_0182,2
user_0156,item_0189,2
user_0156,item_0001,1
user_0156,item_0050,1
user_0156,item_0073,1
user_0156,item_0076,1
user_0156,item_0096,1
user_0156,item_0100,1
user_0156,item_0112,1
user_0156,item_0155,1
user_0156,item_0166,1
user_0156,item_0197,1
user_0157,item_0034,5
user_0157,item_0112,5
user_0157,item_0060,2
user_0157,item_0044,1
user_0157,item_0047,1
user_0157,item_0057,1
user_0157,item_0108,1
user_0157,item_0155,1
user_0157,item_0158,1
user_0158,item_0052,5
user_0158,item_0152,5
user_0158,item_0091,2
user_0158,item_0095,2
user_0158,item_0184,2
user_0158,item_0028,1
user_0159,item_0081,5
user_0159,item_0128,5
user_0159,item_0032,2
user_0159,item_0045,2
user_0159,item_0048,2
user_0159,item_0063,2
user_0159,item_0134,2
user_0159,item_0041,1
user_0159,item_0071,1
user_0159,item_0079,1
user_0159,item_0110,1
user_0159,item_0116,1
user_0159,item_0127,1
user_0159,item_0158,1
user_0159,item_0161,1
user_0159,item_0187,1
user_0160,item_0049,5
user_0160,item_0020,2
user_0160,item_0044,2
user_0160,item_0067,2
user_0160,item_0080,2
user_0160,item_0133,2
user_0160,item_0177,2
user_0160,item_0011,1
user_0160,item_0033,1
user_0160,item_0038,1
user_0160,item_0105,1
user_0160,item_0141,1
user_0160,item_0148,1
user_0160,item_0150,1
user_0160,item_0163,1
user_0160,item_0173,1
user_0160,item_0183,1
user_0160,item_0199,1
user_0161,item_0001,5
user_0161,item_0173,5
user_0161,item_0014,2
user_0161,item_0166,2
user_0161,item_0029,1
user_0161,item_0043,1
user_0161,item_0074,1
user_0161,item_0086,1
user_0161,item_0095,1
user_0161,item_0107,1
user_0161,item_0134,1
user_0161,item_0136,1
user_0161,item_0147,1
user_0161,item_0196,1
user_0162,item_0064,5
user_0162,item_0066,5
user_0162,item_0049,2
user_0162,item_0054,2
user_0162,item_0161,2
user_0162,item_0013,1
user_0162,item_0025,1
user_0162,item_0047,1
user_0162,item_0053,1
user_0162,item_0055,1
user_0162,item_0077,1
user_0162,item_0078,1
user_0162,item_0088,1
user_0162,item_0106,1
user_0162,item_0111,1
user_0162,item_0146,1
user_0162,item_0191,1
user_0163,item_0033,5
user_0163,item_0007,2
user_0163,item_0023,2
user_0163,item_0093,2
user_0163,item_0105,2
user_0163,item_0121,2
user_0163,item_0136,2
user_0163,item_0160,2
user_0163,item_0194,2
user_0163,item_0002,1
user_0163,item_0059,1
user_0163,item_0076,1
user_0163,item_0085,1
user_0163,item_0107,1
user_0163,item_0115,1
user_0164,item_0066,5
user_0164,item_0013,2
user_0164,item_0141,2
user_0164,item_0151,2
user_0164,item_0033,1
user_0164,item_0085,1
user_0164,item_0116,1
user_0164,item_0164,1
user_0164,item_0168,1
user_0164,item_0172,1
user_0165,item_0028,5
user_0165,item_0187,5
user_0165,item_0042,2
user_0165,item_0103,2
user_0165,item_0045,1
user_0165,item_0147,1
user_0165,item_0157,1
user_0165,item_0171,1
user_0165,item_0177,1
user_0166,item_0132,5
user_0166,item_0170,5
user_0166,item_0018,2
user_0166,item_0031,2
user_0166,item_0046,2
user_0166,item_0074,2
user_0166,item_0087,2
user_0166,item_0111,2
user_0166,item_0116,2
user_0166,item_0123,2
user_0166,item_0013,1
user_0166,item_0026,1
user_0166,item_0029,1
user_0166,item_0036,1
user_0166,item_0062,1
user_0166,item_0068,1
user_0166,item_0077,1
user_0166,item_0085,1
user_0166,item_0094,1
user_0166,item_0102,1
user_0166,item_0109,1
user_0166,item_0119,1
user_0166,item_0143,1
user_0166,item_0153,1
user_0166,item_0168,1
user_0166,item_0185,1
user_0167,item_0070,5
user_0167,item_0007,2
user_0167,item_0123,2
user_0167,item_0151,2
user_0167,item_0199,2
user_0167,item_0001,1
user_0167,item_0013,1
user_0167,item_0059,1
user_0167,item_0094,1
user_0167,item_0095,1
user_0167,item_0097,1
user_0167,item_0110,1
user_0167,item_0159,1
user_0167,item_0167,1
user_0167,item_0174,1
user_0168,item_0007,5
user_0168,item_0061,5
user_0168,item_0133,5
user_0168,item_0195,5
user_0168,item_0073,2
user_0168,item_0131,2
user_0168,item_0181,2
user_0168,item_0021,1
user_0168,item_0037,1
user_0168,item_0070,1
user_0168,item_0084,1
user_0168,item_0103,1
user_0168,item_0162,1
user_0168,item_0165,1
user_0168,item_0175,1
user_0168,item_0193,1
user_0169,item_0035,5
user_0169,item_0161,5
user_0169,item_0007,2
user_0169,item_0066,2
user_0169,item_0078,2
user_0169,item_0139,2
user_0169,item_0010,1
user_0169,item_0012,1
user_0169,item_0032,1
user_0169,item_0040,1
user_0169,item_0103,1
user_0169,item_0134,1
user_0169,item_0136,1
user_0170,item_0021,5
user_0170,item_0036,5
user_0170,item_0045,5
user_0170,item_0065,5
user_0170,item_0066,5
user_0170,item_0084,5
user_0170,item_0199,2
user_0170,item_0027,1
user_0170,item_0087,1
user_0170,item_0099,1
user_0170,item_0120,1
user_0170,item_0131,1
user_0170,item_0148,1
user_0170,item_0172,1
user_0170,item_0187,1
user_0171,item_0005,5
user_0171,item_0137,5
user_0171,item_0008,2
user_0171,item_0072,2
user_0171,item_0077,2
user_0171,item_0053,1
user_0171,item_0057,1
user_0171,item_0061,1
user_0171,item_0064,1
user_0171,item_0139,1
user_0171,item_0142,1
user_0171,item_0184,1
user_0171,item_0189,1
user_0172,item_0034,2
user_0172,item_0099,2
user_0172,item_0026,1
user_0172,item_0160,1
user_0173,item_0002,2
user_0173,item_0143,2
user_0173,item_0163,2
user_0173,item_0014,1
user_0173,item_0035,1
user_0173,item_0036,1
user_0173,item_0037,1
user_0173,item_0067,1
user_0173,item_0136,1
user_0173,item_0178,1
user_0173,item_0188,1
user_0174,item_0047,1
user_0174,item_0063,1
user_0174,item_0127,1
user_0174,item_0135,1
user_0175,item_0054,5
user_0175,item_0154,5
user_0175,item_0003,2
user_0175,item_0042,2
user_0175,item_0080,2
user_0175,item_0081,2
user_0175,item_0159,2
user_0175,item_0017,1
user_0175,item_0020,1
user_0175,item_0027,1
user_0175,item_0049,1
user_0175,item_0062,1
user_0175,item_0070,1
user_0175,item_0083,1
user_0175,item_0085,1
user_0175,item_0088,1
user_0175,item_0103,1
user_0175,item_0104,1
user_0175,item_0105,1
user_0175,item_0113,1
user_0175,item_0130,1
user_0175,item_0135,1
user_0175,item_0136,1
user_0175,item_0137,1
user_0175,item_0145,1
user_0175,item_0165,1
user_0175,item_0182,1
user_0175,item_0198,1
user_0176,item_0039,5
user_0176,item_0112,2
user_0176,item_0026,1
user_0176,item_0069,1
user_0176,item_0077,1
user_0176,item_0173,1
user_0177,item_0017,5
user_0177,item_0088,5
user_0177,item_0159,5
user_0177,item_0061,2
user_0177,item_0018,1
user_0177,item_0038,1
user_0177,item_0042,1
user_0177,item_0083,1
user_0177,item_0084,1
user_0177,item_0115,1
user_0177,item_0127,1
user_0177,item_0142,1
user_0177,item_0145,1
user_0177,item_0148,1
user_0177,item_0184,1
user_0178,item_0176,5
user_0178,item_0189,5
user_0178,item_0066,2
user_0178,item_0153,2
user_0178,item_0179,2
user_0178,item_0193,2
user_0178,item_0010,1
user_0178,item_0055,1
user_0178,item_0060,1
user_0178,item_0061,1
user_0178,item_0077,1
user_0178,item_0111,1
user_0178,item_0116,1
user_0178,item_0118,1
user_0178,item_0136,1
user_0178,item_0152,1
user_0178,item_0167,1
user_0178,item_0182,1
user_0178,item_0199,1
user_0179,item_0061,5
user_0179,item_0057,1
user_0179,item_0120,1
user_0179,item_0177,1
user_0180,item_0047,5
user_0180,item_0063,5
user_0180,item_0097,5
user_0180,item_0121,2
user_0180,item_0002,1
user_0180,item_0007,1
user_0180,item_0011,1
user_0180,item_0024,1
user_0180,item_0038,1
user_0180,item_0045,1
user_0180,item_0095,1
user_0180,item_0130,1
user_0180,item_0141,1
user_0180,item_0158,1
user_0180,item_0189,1
user_0181,item_0024,2
user_0181,item_0011,1
user_0181,item_0026,1
user_0181,item_0118,1
user_0181,item_0162,1
user_0181,item_0165,1
user_0181,item_0168,1
user_0181,item_0173,1
user_0182,item_0081,5
user_0182,item_0111,5
user_0182,item_0170,5
user_0182,item_0129,2
user_0183,item_0005,5
user_0183,item_0120,5
user_0183,item_0031,2
user_0183,item_0060,2
user_0183,item_0142,2
user_0183,item_0150,2
user_0183,item_0154,2
user_0183,item_0011,1
user_0183,item_0033,1
user_0183,item_0042,1
user_0183,item_0053,1
user_0183,item_0078,1
user_0183,item_0104,1
user_0183,item_0113,1
user_0183,item_0134,1
user_0183,item_0145,1
user_0183,item_0170,1
user_0183,item_0172,1
user_0183,item_0174,1
user_0183,item_0180,1
user_0183,item_0196,1
user_0184,item_0159,2
user_0184,item_0016,1
user_0184,item_0091,1
user_0184,item_0133,1
user_0185,item_0004,5
user_0185,item_0060,2
user_0185,item_0083,2
user_0185,item_0099,2
user_0185,item_0130,2
user_0185,item_0133,2
user_0185,item_0187,2
user_0185,item_0002,1
user_0185,item_0017,1
user_0185,item_0036,1
user_0185,item_0052,1
user_0185,item_0066,1
user_0185,item_0080,1
user_0185,item_0123,1
user_0185,item_0126,1
user_0185,item_0135,1
user_0185,item_0136,1
user_0185,item_0148,1
user_0185,item_0153,1
user_0185,item_0174,1
user_0185,item_0181,1
user_0188,item_0083,2
user_0188,item_0112,2
user_0188,item_0021,1
user_0188,item_0066,1
user_0188,item_0097,1
user_0188,item_0114,1
user_0188,item_0117,1
user_0188,item_0118,1
user_0188,item_0169,1
user_0189,item_0073,5
user_0189,item_0115,5
user_0189,item_0198,5
user_0189,item_0025,2
user_0189,item_0103,2
user_0189,item_0168,2
user_0189,item_0173,2
user_0189,item_0038,1
user_0189,item_0070,1
user_0189,item_0164,1
user_0189,item_0171,1
user_0189,item_0175,1
user_0190,item_0017,5
user_0190,item_0018,2
user_0190,item_0121,2
user_0190,item_0166,2
user_0190,item_0051,1
user_0190,item_0058,1
user_0191,item_0074,5
user_0191,item_0100,5
user_0191,item_0164,5
user_0191,item_0035,2
user_0191,item_0040,2
user_0191,item_0002,1
user_0191,item_0005,1
user_0191,item_0020,1
user_0191,item_0097,1
user_0191,item_0149,1
user_0191,item_0167,1
user_0191,item_0174,1
user_0192,item_0021,5
user_0192,item_0045,5
user_0192,item_0102,5
user_0192,item_0172,5
user_0192,item_0060,2
user_0192,item_0115,1
user_0192,item_0141,1
user_0192,item_0148,1
user_0192,item_0173,1
user_0192,item_0182,1
user_0192,item_0192,1
user_0193,item_0019,2
user_0193,item_0036,2
user_0193,item_0071,2
user_0193,item_0089,2
user_0193,item_0155,2
user_0193,item_0198,2
user_0193,item_0006,1
user_0193,item_0009,1
user_0193,item_0017,1
user_0193,item_0035,1
user_0193,item_0049,1
user_0193,item_0068,1
user_0193,item_0145,1
user_0193,item_0153,1
user_0193,item_0161,1
user_0193,item_0184,1
user_0194,item_0047,5
user_0194,item_0134,5
user_0194,item_0140,5
user_0194,item_0158,5
user_0194,item_0046,2
user_0194,item_0097,2
user_0194,item_0108,2
user_0194,item_0005,1
user_0194,item_0006,1
user_0194,item_0034,1
user_0194,item_0040,1
user_0194,item_0042,1
user_0194,item_0043,1
user_0194,item_0069,1
user_0194,item_0076,1
user_0194,item_0081,1
user_0194,item_0112,1
user_0194,item_0141,1
user_0194,item_0146,1
user_0194,item_0156,1
user_0194,item_0181,1
user_0194,item_0185,1
user_0195,item_0037,5
user_0195,item_0020,2
user_0195,item_0032,2
user_0195,item_0034,2
user_0195,item_0137,2
user_0195,item_0155,2
user_0195,item_0161,2
user_0195,item_0004,1
user_0195,item_0041,1
user_0195,item_0051,1
user_0195,item_0077,1
user_0195,item_0096,1
user_0195,item_0097,1
user_0195,item_0104,1
user_0195,item_0145,1
user_0195,item_0150,1
user_0195,item_0191,1
user_0196,item_0001,2
user_0196,item_0168,2
user_0196,item_0009,1
user_0196,item_0034,1
user_0196,item_0069,1
user_0196,item_0074,1
user_0196,item_0081,1
user_0196,item_0123,1
user_0196,item_0141,1
user_0196,item_0178,1
user_0196,item_0179,1
user_0196,item_0192,1
user_0196,item_0198,1
user_0197,item_0106,5
user_0197,item_0150,5
user_0197,item_0101,1
user_0197,item_0161,1
user_0198,item_0122,2
user_0198,item_0032,1
user_0198,item_0036,1
user_0198,item_0051,1
user_0198,item_0120,1
user_0198,item_0140,1
user_0199,item_0089,5
user_0199,item_0182,5
user_0199,item_0041,2
user_0199,item_0100,2
user_0199,item_0103,2
user_0199,item_0127,2
user_0199,item_0072,1
user_0199,item_0115,1
user_0199,item_0140,1
user_0199,item_0179,1
user_0200,item_0068,2
user_0200,item_0154,2
user_0200,item_0187,2
user_0200,item_0032,1
user_0200,item_0053,1
user_0200,item_0076,1
user_0200,item_0114,1
user_0200,item_0115,1
user_0200,item_0129,1
user_0200,item_0134,1
user_0200,item_0136,1
user_0201,item_0161,2
user_0201,item_0000,1
user_0201,item_0007,1
user_0201,item_0023,1
user_0201,item_0040,1
user_0201,item_0057,1
user_0202,item_0016,5
user_0202,item_0053,2
user_0202,item_0082,2
user_0202,item_0084,2
user_0202,item_0099,2
user_0202,item_0135,2
user_0202,item_0173,2
user_0202,item_0188,2
user_0202,item_0044,1
user_0202,item_0049,1
user_0202,item_0051,1
user_0202,item_0052,1
user_0202,item_0077,1
user_0202,item_0093,1
user_0202,item_0158,1
user_0202,item_0160,1
user_0202,item_0169,1
user_0202,item_0170,1
user_0202,item_0172,1
user_0202,item_0194,1
user_0202,item_0198,1
user_0203,item_0001,5
user_0203,item_0083,1
user_0203,item_0091,1
user_0203,item_0111,1
user_0203,item_0118,1
user_0203,item_0162,1
user_0203,item_0176,1
user_0204,item_0000,5
user_0204,item_0022,5
user_0204,item_0025,5
user_0204,item_0151,5
user_0204,item_0161,5
user_0204,item_0196,5
user_0204,item_0020,2
user_0204,item_0119,2
user_0204,item_0127,2
user_0204,item_0140,2
user_0204,item_0160,2
user_0204,item_0002,1
user_0204,item_0033,1
user_0204,item_0038,1
user_0204,item_0079,1
user_0204,item_0080,1
user_0204,item_0083,1
user_0204,item_0099,1
user_0204,item_0104,1
user_0204,item_0109,1
user_0204,item_0112,1
user_0204,item_0122,1
user_0204,item_0145,1
user_0204,item_0178,1
user_0205,item_0026,2
user_0205,item_0049,2
user_0205,item_0071,2
user_0205,item_0075,2
user_0205,item_0185,2
user_0205,item_0006,1
user_0205,item_0007,1
user_0205,item_0034,1
user_0205,item_0038,1
user_0205,item_0040,1
user_0205,item_0063,1
user_0205,item_0066,1
user_0205,item_0068,1
user_0205,item_0074,1
user_0205,item_0081,1
user_0205,item_0083,1
user_0205,item_0123,1
user_0205,item_0132,1
user_0205,item_0141,1
user_0205,item_0143,1
user_0205,item_0148,1
user_0205,item_0151,1
user_0205,item_0155,1
user_0205,item_0162,1
user_0205,item_0179,1
user_0205,item_0183,1
user_0205,item_0194,1
user_0206,item_0012,5
user_0206,item_0148,5
user_0206,item_0176,5
user_0206,item_0002,2
user_0206,item_0023,2
user_0206,item_0068,2
user_0206,item_0031,1
user_0206,item_0042,1
user_0206,item_0057,1
user_0206,item_0074,1
user_0206,item_0076,1
user_0206,item_0104,1
user_0206,item_0152,1
user_0206,item_0183,1
user_0207,item_0024,1
user_0207,item_0109,1
user_0207,item_0144,1
user_0208,item_0058,5
user_0208,item_0087,5
user_0208,item_0096,5
user_0208,item_0192,5
user_0208,item_0012,2
user_0208,item_0104,2
user_0208,item_0108,2
user_0208,item_0125,2
user_0208,item_0149,2
user_0208,item_0193,2
user_0208,item_0008,1
user_0208,item_0032,1
user_0208,item_0037,1
user_0208,item_0056,1
user_0208,item_0070,1
user_0208,item_0113,1
user_0208,item_0167,1
user_0208,item_0170,1
user_0208,item_0194,1
user_0208,item_0196,1
user_0209,item_0106,2
user_0209,item_0138,2
user_0209,item_0176,2
user_0209,item_0188,2
user_0209,item_0025,1
user_0209,item_0063,1
user_0209,item_0064,1
user_0209,item_0068,1
user_0209,item_0069,1
user_0209,item_0076,1
user_0209,item_0089,1
user_0209,item_0094,1
user_0209,item_0119,1
user_0209,item_0139,1
user_0209,item_0142,1
user_0209,item_0172,1
user_0209,item_0177,1
user_0209,item_0189,1
user_0210,item_0025,2
user_0210,item_0130,2
user_0210,item_0158,2
user_0210,item_0171,2
user_0210,item_0008,1
user_0210,item_0062,1
user_0210,item_0087,1
user_0210,item_0176,1
user_0211,item_0123,5
user_0211,item_0136,5
user_0211,item_0075,2
user_0211,item_0012,1
user_0211,item_0017,1
user_0211,item_0023,1
user_0211,item_0066,1
user_0211,item_0086,1
user_0211,item_0127,1
user_0211,item_0153,1
user_0212,item_0072,5
user_0212,item_0027,2
user_0212,item_0159,2
user_0212,item_0056,1
user_0212,item_0066,1
user_0212,item_0095,1
user_0212,item_0120,1
user_0213,item_0065,5
user_0213,item_0020,2
user_0213,item_0022,2
user_0213,item_0188,2
user_0213,item_0017,1
user_0213,item_0033,1
user_0213,item_0081,1
user_0213,item_0113,1
user_0213,item_0124,1
user_0213,item_0146,1
user_0214,item_0061,1
user_0214,item_0068,1
user_0214,item_0098,1
user_0214,item_0109,1
user_0214,item_0168,1
user_0215,item_0024,2
user_0215,item_0036,2
user_0215,item_0047,2
user_0215,item_0122,2
user_0215,item_0097,1
user_0215,item_0169,1
user_0215,item_0186,1
user_0216,item_0135,5
user_0216,item_0158,5
user_0216,item_0186,5
user_0216,item_0061,2
user_0216,item_0146,2
user_0216,item_0022,1
user_0216,item_0053,1
user_0216,item_0065,1
user_0216,item_0093,1
user_0216,item_0110,1
user_0216,item_0113,1
user_0216,item_0132,1
user_0216,item_0134,1
user_0216,item_0162,1
user_0216,item_0176,1
user_0217,item_0022,5
user_0217,item_0078,5
user_0217,item_0115,5
user_0217,item_0156,5
user_0217,item_0135,1
user_0218,item_0000,5
user_0218,item_0006,5
user_0218,item_0040,5
user_0218,item_0007,2
user_0218,item_0065,2
user_0218,item_0073,2
user_0218,item_0117,2
user_0218,item_0130,2
user_0218,item_0180,2
user_0218,item_0013,1
user_0218,item_0018,1
user_0218,item_0035,1
user_0218,item_0051,1
user_0218,item_0060,1
user_0218,item_0111,1
user_0218,item_0118,1
user_0218,item_0126,1
user_0218,item_0133,1
user_0218,item_0155,1
user_0218,item_0191,1
user_0218,item_0196,1
user_0219,item_0080,5
user_0219,item_0175,5
user_0219,item_0026,2
user_0219,item_0074,2
user_0219,item_0177,2
user_0219,item_0005,1
user_0219,item_0008,1
user_0219,item_0046,1
user_0219,item_0055,1
user_0219,item_0066,1
user_0219,item_0071,1
user_0219,item_0090,1
user_0219,item_0103,1
user_0219,item_0108,1
user_0219,item_0137,1
user_0219,item_0154,1
user_0219,item_0157,1
user_0219,item_0160,1
user_0219,item_0168,1
user_0219,item_0180,1
user_0220,item_0014,5
user_0220,item_0029,5
user_0220,item_0053,5
user_0220,item_0070,5
user_0220,item_0097,5
user_0220,item_0052,2
user_0220,item_0116,2
user_0220,item_0140,2
user_0220,item_0174,2
user_0220,item_0181,2
user_0220,item_0183,2
user_0220,item_0010,1
user_0220,item_0032,1
user_0220,item_0041,1
user_0220,item_0048,1
user_0220,item_0054,1
user_0220,item_0066,1
user_0220,item_0080,1
user_0220,item_0082,1
user_0220,item_0083,1
user_0220,item_0099,1
user_0220,item_0100,1
user_0220,item_0102,1
user_0220,item_0129,1
user_0220,item_0173,1
user_0220,item_0185,1
user_0221,item_0010,5
user_0221,item_0056,5
user_0221,item_0080,5
user_0221,item_0155,5
user_0221,item_0031,2
user_0221,item_0187,2
user_0221,item_0188,2
user_0221,item_0022,1
user_0221,item_0046,1
user_0221,item_0047,1
user_0221,item_0102,1
user_0221,item_0105,1
user_0221,item_0111,1
user_0221,item_0126,1
user_0221,item_0135,1
user_0221,item_0150,1
user_0221,item_0167,1
user_0221,item_0174,1
user_0221,item_0177,1
user_0221,item_0183,1
user_0222,item_0044,1
user_0222,item_0059,1
user_0222,item_0182,1
user_0222,item_0195,1
user_0223,item_0126,5
user_0223,item_0134,5
user_0223,item_0174,5
user_0223,item_0036,2
user_0223,item_0086,2
user_0223,item_0130,2
user_0223,item_0005,1
user_0223,item_0013,1
user_0223,item_0042,1
user_0223,item_0048,1
user_0223,item_0056,1
user_0223,item_0129,1
user_0223,item_0161,1
user_0224,item_0045,2
user_0224,item_0115,2
user_0224,item_0012,1
user_0224,item_0047,1
user_0224,item_0055,1
user_0224,item_0062,1
user_0224,item_0087,1
user_0224,item_0141,1
user_0224,item_0185,1
user_0225,item_0006,5
user_0225,item_0022,5
user_0225,item_0055,2
user_0225,item_0140,2
user_0225,item_0020,1
user_0225,item_0071,1
user_0225,item_0110,1
user_0225,item_0111,1
user_0225,item_0172,1
user_0225,item_0196,1
user_0226,item_0022,5
user_0226,item_0159,5
user_0226,item_0038,2
user_0226,item_0080,2
user_0226,item_0123,2
user_0226,item_0192,2
user_0226,item_0196,2
user_0226,item_0014,1
user_0226,item_0016,1
user_0226,item_0031,1
user_0226,item_0047,1
user_0226,item_0052,1
user_0226,item_0070,1
user_0226,item_0076,1
user_0226,item_0077,1
user_0226,item_0098,1
user_0226,item_0151,1
user_0226,item_0155,1
user_0226,item_0165,1
user_0226,item_0175,1
user_0227,item_0011,5
user_0227,item_0111,5
user_0227,item_0074,2
user_0227,item_0122,2
user_0227,item_0009,1
user_0227,item_0023,1
user_0227,item_0036,1
user_0227,item_0042,1
user_0227,item_0054,1
user_0227,item_0072,1
user_0227,item_0075,1
user_0227,item_0081,1
user_0227,item_0109,1
user_0227,item_0123,1
user_0227,item_0126,1
user_0227,item_0133,1
user_0227,item_0160,1
user_0227,item_0174,1
user_0227,item_0177,1
user_0227,item_0183,1
user_0227,item_0187,1
user_0227,item_0189,1
user_0227,item_0193,1
user_0227,item_0195,1
user_0228,item_0117,5
user_0228,item_0149,5
user_0228,item_0074,2
user_0228,item_0166,2
user_0228,item_0190,2
user_0228,item_0018,1
user_0228,item_0019,1
user_0228,item_0036,1
user_0228,item_0037,1
user_0228,item_0039,1
user_0228,item_0061,1
user_0228,item_0066,1
user_0228,item_0068,1
user_0228,item_0086,1
user_0228,item_0088,1
user_0228,item_0096,1
user_0228,item_0115,1
user_0228,item_0116,1
user_0228,item_0118,1
user_0228,item_0127,1
user_0228,item_0172,1
user_0228,item_0179,1
user_0229,item_0061,5
user_0229,item_0120,2
user_0229,item_0001,1
user_0229,item_0071,1
user_0229,item_0072,1
user_0229,item_0079,1
user_0229,item_0086,1
user_0229,item_0108,1
user_0229,item_0113,1
user_0229,item_0167,1
user_0229,item_0176,1
user_0229,item_0197,1
user_0230,item_0065,5
user_0230,item_0013,2
user_0230,item_0059,2
user_0230,item_0070,2
user_0230,item_0089,2
user_0230,item_0104,2
user_0230,item_0118,2
user_0230,item_0131,2
user_0230,item_0143,2
user_0230,item_0146,2
user_0230,item_0180,2
user_0230,item_0003,1
user_0230,item_0017,1
user_0230,item_0076,1
user_0230,item_0079,1
user_0230,item_0095,1
user_0230,item_0148,1
user_0230,item_0171,1
user_0230,item_0172,1
user_0230,item_0191,1
user_0230,item_0198,1
user_0231,item_0101,5
user_0231,item_0043,2
user_0231,item_0067,2
user_0231,item_0148,2
user_0231,item_0011,1
user_0231,item_0048,1
user_0231,item_0086,1
user_0231,item_0130,1
user_0231,item_0168,1
user_0231,item_0197,1
user_0232,item_0009,1
user_0232,item_0135,1
user_0233,item_0128,5
user_0233,item_0147,5
user_0233,item_0094,2
user_0233,item_0111,2
user_0233,item_0197,2
user_0233,item_0034,1
user_0233,item_0042,1
user_0233,item_0055,1
user_0233,item_0096,1
user_0233,item_0132,1
user_0234,item_0044,5
user_0234,item_0029,2
user_0234,item_0016,1
user_0234,item_0049,1
user_0234,item_0057,1
user_0234,item_0068,1
user_0234,item_0114,1
user_0234,item_0135,1
user_0234,item_0141,1
user_0234,item_0149,1
user_0234,item_0180,1
user_0234,item_0187,1
user_0235,item_0092,5
user_0235,item_0096,5
user_0235,item_0186,5
user_0235,item_0032,2
user_0235,item_0038,2
user_0235,item_0042,2
user_0235,item_0086,2
user_0235,item_0127,2
user_0235,item_0132,2
user_0235,item_0166,2
user_0235,item_0015,1
user_0235,item_0016,1
user_0235,item_0055,1
user_0235,item_0071,1
user_0235,item_0084,1
user_0235,item_0124,1
user_0235,item_0172,1
user_0235,item_0189,1
user_0235,item_0193,1
user_0235,item_0198,1
user_0236,item_0038,5
user_0236,item_0085,5
user_0236,item_0006,2
user_0236,item_0053,2
user_0236,item_0057,2
user_0236,item_0120,2
user_0236,item_0174,2
user_0236,item_0188,2
user_0236,item_0018,1
user_0236,item_0025,1
user_0236,item_0087,1
user_0236,item_0094,1
user_0236,item_0099,1
user_0236,item_0137,1
user_0236,item_0138,1
user_0236,item_0144,1
user_0236,item_0156,1
user_0236,item_0166,1
user_0236,item_0169,1
user_0237,item_0113,5
user_0237,item_0134,5
user_0237,item_0155,5
user_0237,item_0083,2
user_0237,item_0179,2
user_0237,item_0000,1
user_0237,item_0021,1
user_0237,item_0027,1
user_0237,item_0046,1
user_0237,item_0077,1
user_0237,item_0121,1
user_0237,item_0143,1
user_0237,item_0160,1
user_0237,item_0167,1
user_0238,item_0111,5
user_0238,item_0180,5
user_0238,item_0027,1
user_0238,item_0054,1
user_0238,item_0117,1
user_0238,item_0135,1
user_0238,item_0150,1
user_0238,item_0165,1
user_0238,item_0185,1
user_0238,item_0194,1
user_0238,item_0198,1
user_0238,item_0199,1
user_0239,item_0029,5
user_0239,item_0169,5
user_0239,item_0109,2
user_0239,item_0124,2
user_0239,item_0151,2
user_0239,item_0031,1
user_0239,item_0033,1
user_0239,item_0043,1
user_0239,item_0060,1
user_0239,item_0081,1
user_0239,item_0097,1
user_0240,item_0184,5
user_0240,item_0042,2
user_0240,item_0077,2
user_0240,item_0103,2
user_0240,item_0027,1
user_0240,item_0051,1
user_0240,item_0058,1
user_0240,item_0100,1
user_0240,item_0101,1
user_0240,item_0133,1
user_0240,item_0155,1
user_0240,item_0161,1
user_0240,item_0199,1
user_0241,item_0019,5
user_0241,item_0138,5
user_0241,item_0170,5
user_0241,item_0041,2
user_0241,item_0077,2
user_0241,item_0078,2
user_0241,item_0091,2
user_0241,item_0107,2
user_0241,item_0124,2
user_0241,item_0136,2
user_0241,item_0148,2
user_0241,item_0025,1
user_0241,item_0035,1
user_0241,item_0048,1
user_0241,item_0053,1
user_0241,item_0055,1
user_0241,item_0061,1
user_0241,item_0075,1
user_0241,item_0102,1
user_0241,item_0106,1
user_0241,item_0119,1
user_0241,item_0122,1
user_0241,item_0129,1
user_0241,item_0150,1
user_0242,item_0110,5
user_0242,item_0191,5
user_0242,item_0026,2
user_0242,item_0099,2
user_0242,item_0021,1
user_0242,item_0044,1
user_0242,item_0055,1
user_0242,item_0076,1
user_0243,item_0182,2
user_0243,item_0193,2
user_0244,item_0090,5
user_0244,item_0054,2
user_0244,item_0101,2
user_0244,item_0128,2
user_0244,item_0089,1
user_0244,item_0154,1
user_0244,item_0183,1
user_0244,item_0199,1
user_0245,item_0068,5
user_0245,item_0177,5
user_0245,item_0192,5
user_0245,item_0041,2
user_0245,item_0091,2
user_0245,item_0121,2
user_0245,item_0131,2
user_0245,item_0140,2
user_0245,item_0006,1
user_0245,item_0010,1
user_0245,item_0074,1
user_0245,item_0089,1
user_0245,item_0094,1
user_0245,item_0095,1
user_0245,item_0106,1
user_0245,item_0108,1
user_0245,item_0111,1
user_0245,item_0174,1
user_0245,item_0176,1
user_0245,item_0186,1
user_0246,item_0123,5
user_0246,item_0147,5
user_0246,item_0028,2
user_0246,item_0146,2
user_0246,item_0133,1
user_0246,item_0152,1
user_0247,item_0072,5
user_0247,item_0132,5
user_0247,item_0164,5
user_0247,item_0086,2
user_0247,item_0143,2
user_0247,item_0179,2
user_0247,item_0000,1
user_0247,item_0045,1
user_0247,item_0046,1
user_0247,item_0068,1
user_0247,item_0091,1
user_0247,item_0148,1
user_0247,item_0156,1
user_0247,item_0161,1
user_0247,item_0195,1
user_0248,item_0031,5
user_0248,item_0064,1
user_0249,item_0153,5
user_0249,item_0042,2
user_0249,item_0186,2
user_0249,item_0027,1
user_0249,item_0111,1
user_0249,item_0145,1
user_0250,item_0122,2
user_0250,item_0183,2
user_0250,item_0049,1
user_0250,item_0058,1
user_0250,item_0075,1
user_0250,item_0106,1
user_0250,item_0123,1
user_0250,item_0166,1
user_0251,item_0139,5
user_0251,item_0090,1
user_0251,item_0166,1
user_0251,item_0187,1
user_0252,item_0006,2
user_0252,item_0147,2
user_0252,item_0027,1
user_0252,item_0036,1
user_0252,item_0046,1
user_0252,item_0050,1
user_0252,item_0063,1
user_0252,item_0080,1
user_0252,item_0090,1
user_0252,item_0116,1
user_0252,item_0118,1
user_0252,item_0140,1
user_0252,item_0149,1
user_0252,item_0160,1
user_0252,item_0174,1
user_0253,item_0184,2
user_0253,item_0118,1
user_0254,item_0032,5
user_0254,item_0063,2
user_0254,item_0137,2
user_0254,item_0033,1
user_0254,item_0051,1
user_0254,item_0072,1
user_0254,item_0082,1
user_0254,item_0083,1
user_0254,item_0103,1
user_0254,item_0123,1
user_0254,item_0136,1
user_0254,item_0152,1
user_0254,item_0174,1
user_0254,item_0190,1
user_0254,item_0199,1
user_0255,item_0090,5
user_0255,item_0015,2
user_0255,item_0134,2
user_0255,item_0039,1
user_0255,item_0044,1
user_0255,item_0107,1
user_0255,item_0111,1
user_0255,item_0162,1
user_0256,item_0155,5
user_0256,item_0165,5
user_0256,item_0193,5
user_0256,item_0185,2
user_0256,item_0012,1
user_0256,item_0015,1
user_0256,item_0036,1
user_0256,item_0086,1
user_0256,item_0121,1
user_0256,item_0129,1
user_0256,item_0131,1
user_0256,item_0137,1
user_0256,item_0189,1
user_0257,item_0061,5
user_0257,item_0007,2
user_0257,item_0022,2
user_0257,item_0073,2
user_0257,item_0190,2
user_0257,item_0029,1
user_0257,item_0079,1
user_0257,item_0086,1
user_0257,item_0112,1
user_0257,item_0116,1
user_0257,item_0121,1
user_0257,item_0123,1
user_0257,item_0125,1
user_0257,item_0137,1
user_0257,item_0144,1
user_0257,item_0162,1
user_0257,item_0170,1
user_0257,item_0173,1
user_0257,item_0185,1
user_0258,item_0075,5
user_0258,item_0042,2
user_0258,item_0132,2
user_0258,item_0014,1
user_0258,item_0031,1
user_0258,item_0036,1
user_0258,item_0057,1
user_0258,item_0143,1
user_0258,item_0165,1
user_0258,item_0175,1
user_0258,item_0195,1
user_0259,item_0004,1
user_0259,item_0008,1
user_0259,item_0032,1
user_0259,item_0049,1
user_0259,item_0074,1
user_0259,item_0118,1
user_0259,item_0125,1
user_0259,item_0181,1
user_0260,item_0047,5
user_0260,item_0104,5
user_0260,item_0150,5
user_0260,item_0037,2
user_0260,item_0090,2
user_0260,item_0102,2
user_0260,item_0124,2
user_0260,item_0165,2
user_0260,item_0199,2
user_0260,item_0005,1
user_0260,item_0042,1
user_0260,item_0058,1
user_0260,item_0062,1
user_0260,item_0072,1
user_0260,item_0100,1
user_0260,item_0127,1
user_0260,item_0129,1
user_0260,item_0134,1
user_0260,item_0173,1
user_0260,item_0181,1
user_0260,item_0197,1
user_0261,item_0192,5
user_0261,item_0075,1
user_0261,item_0109,1
user_0261,item_0110,1
user_0262,item_0033,5
user_0262,item_0123,5
user_0262,item_0151,5
user_0262,item_0172,5
user_0262,item_0182,5
user_0262,item_0036,2
user_0262,item_0020,1
user_0262,item_0030,1
user_0262,item_0049,1
user_0262,item_0055,1
user_0262,item_0058,1
user_0262,item_0074,1
user_0262,item_0076,1
user_0262,item_0078,1
user_0262,item_0108,1
user_0262,item_0175,1
user_0263,item_0182,2
user_0263,item_0000,1
user_0264,item_0084,1
user_0264,item_0144,1
user_0264,item_0152,1
user_0264,item_0159,1
user_0265,item_0166,5
user_0265,item_0017,1
user_0265,item_0020,1
user_0265,item_0044,1
user_0265,item_0085,1
user_0265,item_0098,1
user_0265,item_0160,1
user_0266,item_0044,2
user_0266,item_0104,2
user_0266,item_0195,2
user_0266,item_0000,1
user_0266,item_0003,1
user_0266,item_0019,1
user_0266,item_0020,1
user_0266,item_0024,1
user_0266,item_0065,1
user_0266,item_0072,1
user_0266,item_0145,1
user_0267,item_0123,2
user_0267,item_0024,1
user_0267,item_0033,1
user_0267,item_0041,1
user_0267,item_0045,1
user_0267,item_0092,1
user_0267,item_0102,1
user_0267,item_0170,1
user_0267,item_0185,1
user_0268,item_0027,5
user_0268,item_0163,5
user_0268,item_0177,5
user_0268,item_0090,2
user_0268,item_0145,2
user_0268,item_0158,2
user_0268,item_0167,2
user_0268,item_0180,2
user_0268,item_0185,2
user_0268,item_0001,1
user_0268,item_0029,1
user_0268,item_0037,1
user_0268,item_0084,1
user_0268,item_0116,1
user_0268,item_0120,1
user_0268,item_0157,1
user_0268,item_0172,1
user_0269,item_0123,5
user_0269,item_0000,2
user_0269,item_0073,1
user_0269,item_0074,1
user_0269,item_0136,1
user_0269,item_0160,1
user_0269,item_0161,1
user_0270,item_0073,5
user_0270,item_0089,2
user_0270,item_0163,2
user_0270,item_0168,2
user_0270,item_0008,1
user_0270,item_0010,1
user_0270,item_0018,1
user_0270,item_0025,1
user_0270,item_0037,1
user_0270,item_0038,1
user_0270,item_0040,1
user_0270,item_0045,1
user_0270,item_0069,1
user_0270,item_0094,1
user_0270,item_0101,1
user_0270,item_0102,1
user_0270,item_0103,1
user_0270,item_0141,1
user_0270,item_0182,1
user_0271,item_0044,5
user_0271,item_0165,5
user_0271,item_0017,2
user_0271,item_0021,2
user_0271,item_0080,2
user_0271,item_0135,2
user_0271,item_0006,1
user_0271,item_0011,1
user_0271,item_0016,1
user_0271,item_0018,1
user_0271,item_0027,1
user_0271,item_0121,1
user_0271,item_0124,1
user_0271,item_0129,1
user_0271,item_0142,1
user_0271,item_0151,1
user_0271,item_0155,1
user_0271,item_0163,1
user_0271,item_0172,1
user_0271,item_0184,1
user_0272,item_0098,5
user_0272,item_0173,5
user_0272,item_0169,2
user_0272,item_0005,1
user_0272,item_0023,1
user_0272,item_0046,1
user_0272,item_0049,1
user_0272,item_0053,1
user_0272,item_0085,1
user_0272,item_0106,1
user_0272,item_0125,1
user_0272,item_0179,1
user_0273,item_0080,5
user_0273,item_0082,5
user_0273,item_0159,5
user_0273,item_0112,2
user_0273,item_0123,2
user_0273,item_0145,2
user_0273,item_0175,2
user_0273,item_0014,1
user_0273,item_0018,1
user_0273,item_0046,1
user_0273,item_0101,1
user_0273,item_0110,1
user_0273,item_0141,1
user_0273,item_0156,1
user_0273,item_0164,1
user_0273,item_0184,1
user_0273,item_0195,1
user_0274,item_0074,5
user_0274,item_0113,5
user_0274,item_0148,5
user_0274,item_0047,2
user_0274,item_0048,2
user_0274,item_0173,2
user_0274,item_0175,2
user_0274,item_0187,2
user_0274,item_0011,1
user_0274,item_0012,1
user_0274,item_0019,1
user_0274,item_0022,1
user_0274,item_0030,1
user_0274,item_0036,1
user_0274,item_0044,1
user_0274,item_0057,1
user_0274,item_0064,1
user_0274,item_0067,1
user_0274,item_0092,1
user_0274,item_0115,1
user_0274,item_0138,1
user_0274,item_0142,1
user_0274,item_0152,1
user_0274,item_0177,1
user_0275,item_0055,5
user_0275,item_0093,5
user_0275,item_0188,5
user_0275,item_0022,2
user_0275,item_0059,2
user_0275,item_0063,2
user_0275,item_0181,2
user_0275,item_0183,2
user_0275,item_0193,2
user_0275,item_0002,1
user_0275,item_0009,1
user_0275,item_0042,1
user_0275,item_0045,1
user_0275,item_0065,1
user_0275,item_0105,1
user_0275,item_0121,1
user_0275,item_0197,1
user_0276,item_0060,1
user_0276,item_0071,1
user_0276,item_0137,1
user_0277,item_0091,2
user_0277,item_0107,2
user_0277,item_0055,1
user_0277,item_0096,1
user_0277,item_0099,1
user_0277,item_0103,1
user_0277,item_0129,1
user_0277,item_0147,1
user_0278,item_0152,5
user_0278,item_0189,5
user_0278,item_0037,1
user_0278,item_0139,1
user_0279,item_0092,5
user_0279,item_0094,5
user_0279,item_0030,1
user_0279,item_0040,1
user_0279,item_0056,1
user_0279,item_0139,1
user_0279,item_0164,1
user_0279,item_0170,1
user_0280,item_0041,5
user_0280,item_0042,5
user_0280,item_0088,5
user_0280,item_0110,5
user_0280,item_0004,2
user_0280,item_0098,2
user_0280,item_0103,2
user_0280,item_0147,2
user_0280,item_0043,1
user_0280,item_0064,1
user_0280,item_0134,1
user_0280,item_0136,1
user_0280,item_0146,1
user_0280,item_0177,1
user_0281,item_0145,5
user_0281,item_0171,5
user_0281,item_0000,2
user_0281,item_0073,2
user_0281,item_0078,2
user_0281,item_0125,2
user_0281,item_0020,1
user_0281,item_0023,1
user_0281,item_0025,1
user_0281,item_0062,1
user_0281,item_0089,1
user_0281,item_0098,1
user_0281,item_0102,1
user_0281,item_0108,1
user_0281,item_0111,1
user_0281,item_0118,1
user_0281,item_0143,1
user_0281,item_0195,1
user_0282,item_0026,2
user_0282,item_0082,2
user_0282,item_0110,2
user_0282,item_0157,2
user_0282,item_0015,1
user_0282,item_0016,1
user_0282,item_0053,1
user_0282,item_0060,1
user_0282,item_0169,1
user_0282,item_0192,1
user_0283,item_0010,5
user_0283,item_0066,2
user_0283,item_0118,2
user_0283,item_0157,2
user_0283,item_0024,1
user_0283,item_0061,1
user_0283,item_0097,1
user_0283,item_0099,1
user_0283,item_0101,1
user_0283,item_0153,1
user_0283,item_0156,1
user_0283,item_0161,1
user_0284,item_0102,2
user_0284,item_0161,2
user_0284,item_0174,2
user_0284,item_0008,1
user_0284,item_0014,1
user_0284,item_0015,1
user_0284,item_0021,1
user_0284,item_0022,1
user_0284,item_0031,1
user_0284,item_0037,1
user_0284,item_0049,1
user_0284,item_0101,1
user_0284,item_0109,1
user_0284,item_0110,1
user_0284,item_0127,1
user_0284,item_0138,1
user_0284,item_0139,1
user_0284,item_0140,1
user_0284,item_0141,1
user_0284,item_0160,1
user_0284,item_0177,1
user_0284,item_0182,1
user_0285,item_0054,1
user_0285,item_0108,1
user_0285,item_0117,1
user_0285,item_0120,1
user_0285,item_0151,1
user_0285,item_0170,1
user_0286,item_0178,2
user_0286,item_0008,1
user_0286,item_0057,1
user_0286,item_0065,1
user_0286,item_0143,1
user_0286,item_0159,1
user_0287,item_0053,5
user_0287,item_0098,5
user_0287,item_0185,5
user_0287,item_0190,5
user_0287,item_0010,2
user_0287,item_0042,2
user_0287,item_0050,2
user_0287,item_0056,2
user_0287,item_0111,2
user_0287,item_0113,2
user_0287,item_0115,2
user_0287,item_0130,2
user_0287,item_0137,2
user_0287,item_0192,2
user_0287,item_0034,1
user_0287,item_0072,1
user_0287,item_0102,1
user_0287,item_0107,1
user_0287,item_0131,1
user_0287,item_0180,1
user_0287,item_0187,1
user_0288,item_0048,5
user_0288,item_0094,5
user_0288,item_0160,5
user_0288,item_0004,2
user_0288,item_0062,2
user_0288,item_0079,2
user_0288,item_0142,2
user_0288,item_0006,1
user_0288,item_0017,1
user_0288,item_0034,1
user_0288,item_0047,1
user_0288,item_0086,1
user_0288,item_0087,1
user_0288,item_0088,1
user_0288,item_0093,1
user_0288,item_0114,1
user_0288,item_0143,1
user_0288,item_0166,1
user_0288,item_0179,1
user_0288,item_0181,1
user_0289,item_0088,2
user_0289,item_0011,1
user_0289,item_0199,1
user_0290,item_0081,2
user_0290,item_0027,1
user_0290,item_0086,1
user_0290,item_0097,1
user_0290,item_0139,1
user_0290,item_0169,1
user_0290,item_0182,1
user_0290,item_0188,1
user_0290,item_0192,1
user_0291,item_0029,5
user_0291,item_0120,2
user_0291,item_0180,2
user_0291,item_0033,1
user_0291,item_0048,1
user_0291,item_0108,1
user_0291,item_0125,1
user_0291,item_0138,1
user_0291,item_0147,1
user_0291,item_0198,1
user_0292,item_0146,5
user_0292,item_0157,5
user_0292,item_0198,5
user_0292,item_0007,2
user_0292,item_0008,2
user_0292,item_0025,2
user_0292,item_0053,2
user_0292,item_0094,2
user_0292,item_0006,1
user_0292,item_0033,1
user_0292,item_0046,1
user_0292,item_0068,1
user_0292,item_0103,1
user_0292,item_0113,1
user_0292,item_0126,1
user_0292,item_0140,1
user_0292,item_0171,1
user_0292,item_0183,1
user_0292,item_0187,1
user_0293,item_0053,5
user_0293,item_0175,2
user_0293,item_0008,1
user_0293,item_0079,1
user_0293,item_0162,1
user_0293,item_0163,1
user_0294,item_0125,5
user_0294,item_0156,5
user_0294,item_0067,2
user_0294,item_0193,2
user_0294,item_0000,1
user_0294,item_0032,1
user_0294,item_0047,1
user_0294,item_0087,1
user_0294,item_0111,1
user_0294,item_0128,1
user_0294,item_0131,1
user_0294,item_0136,1
user_0295,item_0003,1
user_0295,item_0047,1
user_0295,item_0062,1
user_0295,item_0127,1
user_0295,item_0139,1
user_0295,item_0146,1
user_0295,item_0163,1
user_0295,item_0190,1
user_0296,item_0159,5
user_0296,item_0021,2
user_0296,item_0034,2
user_0296,item_0113,2
user_0296,item_0166,2
user_0296,item_0180,2
user_0296,item_0185,2
user_0296,item_0023,1
user_0296,item_0032,1
user_0296,item_0056,1
user_0296,item_0093,1
user_0296,item_0095,1
user_0296,item_0096,1
user_0296,item_0117,1
user_0296,item_0146,1
user_0296,item_0148,1
user_0296,item_0165,1
user_0297,item_0108,5
user_0297,item_0141,5
user_0297,item_0015,2
user_0297,item_0026,2
user_0297,item_0137,2
user_0297,item_0023,1
user_0297,item_0039,1
user_0297,item_0062,1
user_0297,item_0064,1
user_0297,item_0082,1
user_0297,item_0083,1
user_0297,item_0103,1
user_0297,item_0112,1
user_0297,item_0116,1
user_0297,item_0134,1
user_0298,item_0132,5
user_0298,item_0160,2
user_0298,item_0179,2
user_0298,item_0192,2
user_0298,item_0011,1
user_0298,item_0013,1
user_0298,item_0144,1
user_0298,item_0166,1
user_0299,item_0166,5
user_0299,item_0089,1
user_0299,item_0121,1
user_0299,item_0158,1
user_0299,item_0173,1
user_0300,item_0007,5
user_0300,item_0093,2
user_0300,item_0107,2
user_0300,item_0196,2
user_0300,item_0013,1
user_0300,item_0041,1
user_0300,item_0055,1
user_0300,item_0059,1
user_0300,item_0094,1
user_0300,item_0097,1
user_0300,item_0125,1
user_0300,item_0127,1
user_0300,item_0130,1
user_0300,item_0136,1
user_0300,item_0166,1
user_0300,item_0182,1
user_0300,item_0191,1
user_0300,item_0199,1
user_0301,item_0057,2
user_0302,item_0087,5
user_0302,item_0089,5
user_0302,item_0076,2
user_0302,item_0092,2
user_0302,item_0165,2
user_0302,item_0179,2
user_0302,item_0188,2
user_0302,item_0003,1
user_0302,item_0006,1
user_0302,item_0034,1
user_0302,item_0097,1
user_0302,item_0111,1
user_0302,item_0132,1
user_0302,item_0145,1
user_0302,item_0198,1
user_0303,item_0186,5
user_0303,item_0012,2
user_0303,item_0017,2
user_0303,item_0022,1
user_0303,item_0151,1
user_0303,item_0158,1
user_0304,item_0089,5
user_0304,item_0046,2
user_0304,item_0072,2
user_0304,item_0031,1
user_0304,item_0039,1
user_0304,item_0048,1
user_0304,item_0053,1
user_0304,item_0055,1
user_0304,item_0073,1
user_0304,item_0110,1
user_0304,item_0112,1
user_0304,item_0127,1
user_0304,item_0133,1
user_0304,item_0189,1
user_0304,item_0191,1
user_0305,item_0063,5
user_0305,item_0145,5
user_0305,item_0166,5
user_0305,item_0190,5
user_0305,item_0076,2
user_0305,item_0125,2
user_0305,item_0175,2
user_0305,item_0051,1
user_0305,item_0075,1
user_0305,item_0094,1
user_0305,item_0140,1
user_0305,item_0150,1
user_0305,item_0168,1
user_0305,item_0187,1
user_0306,item_0026,2
user_0306,item_0065,2
user_0306,item_0174,2
user_0306,item_0189,2
user_0306,item_0015,1
user_0306,item_0016,1
user_0306,item_0017,1
user_0306,item_0044,1
user_0306,item_0096,1
user_0306,item_0163,1
user_0306,item_0171,1
user_0306,item_0191,1
user_0306,item_0193,1
user_0307,item_0091,5
user_0307,item_0111,5
user_0307,item_0022,2
user_0307,item_0036,2
user_0307,item_0057,2
user_0307,item_0080,2
user_0307,item_0110,2
user_0307,item_0004,1
user_0307,item_0010,1
user_0307,item_0040,1
user_0307,item_0042,1
user_0307,item_0096,1
user_0307,item_0150,1
user_0307,item_0154,1
user_0307,item_0158,1
user_0307,item_0177,1
user_0307,item_0189,1
user_0307,item_0192,1
user_0307,item_0197,1
user_0308,item_0154,1
user_0309,item_0004,5
user_0309,item_0012,5
user_0309,item_0021,5
user_0309,item_0024,5
user_0309,item_0169,5
user_0309,item_0191,5
user_0309,item_0072,2
user_0309,item_0080,2
user_0309,item_0166,2
user_0309,item_0008,1
user_0309,item_0045,1
user_0309,item_0063,1
user_0309,item_0074,1
user_0309,item_0087,1
user_0309,item_0141,1
user_0309,item_0149,1
user_0310,item_0053,5
user_0310,item_0177,5
user_0310,item_0030,2
user_0310,item_0076,2
user_0310,item_0124,2
user_0310,item_0129,2
user_0310,item_0002,1
user_0310,item_0011,1
user_0310,item_0026,1
user_0310,item_0048,1
user_0310,item_0059,1
user_0310,item_0073,1
user_0310,item_0074,1
user_0310,item_0116,1
user_0310,item_0118,1
user_0310,item_0137,1
user_0310,item_0150,1
user_0310,item_0152,1
user_0310,item_0160,1
user_0310,item_0168,1
user_0310,item_0169,1
user_0310,item_0176,1
user_0310,item_0183,1
user_0310,item_0187,1
user_0310,item_0198,1
user_0311,item_0129,2
user_0311,item_0028,1
user_0311,item_0035,1
user_0311,item_0040,1
user_0311,item_0125,1
user_0311,item_0143,1
user_0311,item_0154,1
user_0311,item_0170,1
user_0311,item_0178,1
user_0311,item_0179,1
user_0312,item_0068,5
user_0312,item_0153,5
user_0312,item_0035,2
user_0312,item_0098,2
user_0312,item_0103,2
user_0312,item_0129,2
user_0312,item_0023,1
user_0312,item_0026,1
user_0312,item_0042,1
user_0312,item_0092,1
user_0312,item_0101,1
user_0312,item_0121,1
user_0312,item_0122,1
user_0312,item_0132,1
user_0312,item_0178,1
user_0312,item_0182,1
user_0312,item_0188,1
user_0313,item_0164,5
user_0313,item_0147,2
user_0313,item_0087,1
user_0313,item_0112,1
user_0313,item_0149,1
user_0314,item_0018,5
user_0314,item_0031,5
user_0314,item_0059,5
user_0314,item_0017,2
user_0314,item_0007,1
user_0314,item_0019,1
user_0314,item_0026,1
user_0314,item_0046,1
user_0314,item_0055,1
user_0314,item_0078,1
user_0314,item_0089,1
user_0314,item_0115,1
user_0314,item_0179,1
user_0314,item_0196,1
user_0315,item_0096,5
user_0315,item_0058,2
user_0315,item_0102,2
user_0315,item_0120,2
user_0315,item_0106,1
user_0315,item_0165,1
user_0315,item_0184,1
user_0316,item_0082,5
user_0316,item_0139,5
user_0316,item_0197,5
user_0316,item_0133,2
user_0316,item_0158,2
user_0316,item_0023,1
user_0316,item_0024,1
user_0316,item_0030,1
user_0316,item_0053,1
user_0316,item_0055,1
user_0316,item_0084,1
user_0316,item_0087,1
user_0316,item_0096,1
user_0316,item_0147,1
user_0316,item_0150,1
user_0316,item_0169,1
user_0317,item_0176,5
user_0317,item_0049,2
user_0317,item_0014,1
user_0317,item_0163,1
user_0318,item_0080,5
user_0318,item_0186,5
user_0318,item_0010,1
user_0318,item_0023,1
user_0318,item_0025,1
user_0318,item_0038,1
user_0318,item_0048,1
user_0318,item_0058,1
user_0318,item_0070,1
user_0318,item_0093,1
user_0318,item_0135,1
user_0318,item_0138,1
user_0318,item_0144,1
user_0318,item_0152,1
user_0318,item_0161,1
user_0318,item_0177,1
user_0319,item_0030,5
user_0319,item_0004,2
user_0319,item_0032,1
user_0319,item_0068,1
user_0319,item_0094,1
user_0319,item_0131,1
user_0320,item_0126,2
user_0320,item_0185,2
user_0320,item_0076,1
user_0320,item_0087,1
user_0320,item_0103,1
user_0320,item_0110,1
user_0320,item_0148,1
user_0320,item_0169,1
user_0320,item_0188,1
user_0321,item_0081,5
user_0321,item_0128,5
user_0321,item_0022,2
user_0321,item_0043,2
user_0321,item_0067,2
user_0321,item_0129,2
user_0321,item_0015,1
user_0321,item_0035,1
user_0321,item_0077,1
user_0321,item_0112,1
user_0321,item_0125,1
user_0321,item_0140,1
user_0322,item_0050,2
user_0322,item_0093,2
user_0322,item_0127,1
user_0322,item_0174,1
user_0323,item_0036,5
user_0323,item_0110,2
user_0323,item_0161,2
user_0323,item_0058,1
user_0323,item_0085,1
user_0323,item_0137,1
user_0324,item_0132,5
user_0324,item_0137,5
user_0324,item_0001,2
user_0324,item_0003,2
user_0324,item_0023,2
user_0324,item_0041,2
user_0324,item_0060,2
user_0324,item_0182,2
user_0324,item_0008,1
user_0324,item_0017,1
user_0324,item_0049,1
user_0324,item_0080,1
user_0324,item_0107,1
user_0324,item_0110,1
user_0324,item_0121,1
user_0324,item_0133,1
user_0324,item_0147,1
user_0325,item_0048,5
user_0325,item_0049,5
user_0325,item_0128,5
user_0325,item_0153,5
user_0325,item_0159,5
user_0325,item_0007,2
user_0325,item_0008,2
user_0325,item_0057,2
user_0325,item_0136,2
user_0325,item_0149,2
user_0325,item_0161,2
user_0325,item_0188,2
user_0325,item_0000,1
user_0325,item_0037,1
user_0325,item_0061,1
user_0325,item_0082,1
user_0325,item_0087,1
user_0325,item_0126,1
user_0325,item_0150,1
user_0325,item_0152,1
user_0325,item_0186,1
user_0326,item_0116,5
user_0326,item_0144,5
user_0326,item_0154,5
user_0326,item_0179,5
user_0326,item_0035,2
user_0326,item_0158,2
user_0326,item_0024,1
user_0326,item_0050,1
user_0326,item_0066,1
user_0326,item_0119,1
user_0326,item_0159,1
user_0326,item_0176,1
user_0326,item_0186,1
user_0327,item_0023,1
user_0327,item_0056,1
user_0327,item_0072,1
user_0327,item_0090,1
user_0327,item_0093,1
user_0327,item_0156,1
user_0327,item_0161,1
user_0328,item_0039,5
user_0328,item_0097,5
user_0328,item_0070,2
user_0328,item_0132,2
user_0328,item_0012,1
user_0328,item_0082,1
user_0328,item_0091,1
user_0328,item_0172,1
user_0329,item_0153,5
user_0329,item_0083,2
user_0329,item_0051,1
user_0329,item_0123,1
user_0329,item_0126,1
user_0329,item_0132,1
user_0329,item_0145,1
user_0329,item_0155,1
user_0329,item_0184,1
user_0330,item_0004,2
user_0330,item_0124,2
user_0330,item_0007,1
user_0330,item_0008,1
user_0330,item_0030,1
user_0330,item_0032,1
user_0330,item_0033,1
user_0330,item_0072,1
user_0330,item_0088,1
user_0330,item_0096,1
user_0330,item_0159,1
user_0330,item_0179,1
user_0330,item_0192,1
user_0331,item_0041,5
user_0331,item_0057,5
user_0331,item_0050,2
user_0331,item_0002,1
user_0331,item_0128,1
user_0332,item_0021,5
user_0332,item_0107,5
user_0332,item_0076,2
user_0332,item_0030,1
user_0332,item_0033,1
user_0332,item_0073,1
user_0332,item_0082,1
user_0332,item_0099,1
user_0332,item_0111,1
user_0332,item_0120,1
user_0332,item_0149,1
user_0332,item_0184,1
user_0332,item_0192,1
user_0333,item_0060,5
user_0333,item_0084,2
user_0333,item_0152,2
user_0333,item_0155,2
user_0333,item_0011,1
user_0333,item_0022,1
user_0333,item_0055,1
user_0333,item_0080,1
user_0333,item_0096,1
user_0333,item_0115,1
user_0333,item_0129,1
user_0333,item_0136,1
user_0333,item_0157,1
user_0333,item_0188,1
user_0334,item_0059,5
user_0334,item_0135,5
user_0334,item_0142,5
user_0334,item_0040,2
user_0334,item_0181,2
user_0334,item_0003,1
user_0334,item_0007,1
user_0334,item_0028,1
user_0334,item_0055,1
user_0334,item_0095,1
user_0334,item_0098,1
user_0334,item_0112,1
user_0334,item_0116,1
user_0334,item_0125,1
user_0334,item_0137,1
user_0334,item_0146,1
user_0334,item_0169,1
user_0335,item_0051,5
user_0335,item_0145,5
user_0335,item_0009,2
user_0335,item_0054,2
user_0335,item_0029,1
user_0335,item_0034,1
user_0335,item_0062,1
user_0335,item_0068,1
user_0335,item_0093,1
user_0335,item_0112,1
user_0335,item_0114,1
user_0335,item_0134,1
user_0335,item_0136,1
user_0335,item_0137,1
user_0335,item_0152,1
user_0335,item_0165,1
user_0335,item_0176,1
user_0335,item_0181,1
user_0335,item_0197,1
user_0336,item_0011,5
user_0336,item_0049,5
user_0336,item_0079,5
user_0336,item_0042,2
user_0336,item_0058,2
user_0336,item_0071,2
user_0336,item_0159,2
user_0336,item_0001,1
user_0336,item_0062,1
user_0336,item_0064,1
user_0336,item_0067,1
user_0336,item_0131,1
user_0336,item_0136,1
user_0336,item_0181,1
user_0337,item_0043,5
user_0337,item_0048,5
user_0337,item_0046,2
user_0337,item_0059,2
user_0337,item_0063,2
user_0337,item_0171,2
user_0337,item_0198,2
user_0337,item_0035,1
user_0337,item_0120,1
user_0338,item_0039,5
user_0338,item_0067,5
user_0338,item_0107,5
user_0338,item_0068,2
user_0338,item_0077,2
user_0338,item_0094,2
user_0338,item_0100,2
user_0338,item_0134,2
user_0338,item_0159,2
user_0338,item_0019,1
user_0338,item_0042,1
user_0338,item_0053,1
user_0338,item_0065,1
user_0338,item_0095,1
user_0338,item_0117,1
user_0338,item_0147,1
user_0338,item_0154,1
user_0338,item_0173,1
user_0338,item_0176,1
user_0338,item_0180,1
user_0338,item_0191,1
user_0339,item_0115,5
user_0339,item_0003,2
user_0339,item_0006,2
user_0339,item_0117,2
user_0339,item_0136,2
user_0339,item_0028,1
user_0339,item_0072,1
user_0339,item_0078,1
user_0339,item_0111,1
user_0339,item_0121,1
user_0339,item_0129,1
user_0339,item_0134,1
user_0339,item_0140,1
user_0339,item_0151,1
user_0340,item_0022,5
user_0340,item_0129,2
user_0340,item_0157,2
user_0340,item_0093,1
user_0340,item_0146,1
user_0341,item_0032,5
user_0341,item_0070,5
user_0341,item_0099,5
user_0341,item_0113,5
user_0341,item_0012,2
user_0341,item_0126,2
user_0341,item_0047,1
user_0341,item_0056,1
user_0341,item_0069,1
user_0341,item_0111,1
user_0341,item_0122,1
user_0341,item_0130,1
user_0341,item_0139,1
user_0341,item_0179,1
user_0341,item_0190,1
user_0342,item_0082,5
user_0342,item_0112,5
user_0342,item_0143,5
user_0342,item_0175,5
user_0342,item_0011,2
user_0342,item_0061,2
user_0342,item_0122,2
user_0342,item_0165,2
user_0342,item_0177,2
user_0342,item_0018,1
user_0342,item_0022,1
user_0342,item_0024,1
user_0342,item_0042,1
user_0342,item_0047,1
user_0342,item_0063,1
user_0342,item_0067,1
user_0342,item_0103,1
user_0342,item_0120,1
user_0342,item_0153,1
user_0342,item_0158,1
user_0343,item_0038,5
user_0343,item_0043,5
user_0343,item_0061,5
user_0343,item_0010,2
user_0343,item_0021,2
user_0343,item_0138,2
user_0343,item_0158,2
user_0343,item_0027,1
user_0343,item_0143,1
user_0343,item_0151,1
user_0343,item_0176,1
user_0343,item_0188,1
user_0343,item_0192,1
user_0344,item_0092,5
user_0344,item_0122,5
user_0344,item_0158,5
user_0344,item_0014,1
user_0344,item_0015,1
user_0344,item_0033,1
user_0344,item_0045,1
user_0344,item_0061,1
user_0344,item_0094,1
user_0344,item_0110,1
user_0344,item_0126,1
user_0344,item_0133,1
user_0344,item_0136,1
user_0344,item_0141,1
user_0344,item_0179,1
user_0344,item_0189,1
user_0344,item_0196,1
user_0344,item_0197,1
user_0345,item_0131,2
user_0345,item_0002,1
user_0345,item_0061,1
user_0345,item_0084,1
user_0345,item_0112,1
user_0346,item_0158,5
user_0346,item_0025,1
user_0346,item_0040,1
user_0346,item_0077,1
user_0346,item_0197,1
user_0347,item_0130,5
user_0347,item_0032,2
user_0347,item_0037,2
user_0347,item_0116,2
user_0347,item_0148,2
user_0347,item_0199,2
user_0347,item_0002,1
user_0347,item_0039,1
user_0347,item_0059,1
user_0347,item_0061,1
user_0347,item_0073,1
user_0347,item_0156,1
user_0347,item_0165,1
user_0347,item_0194,1
user_0348,item_0047,2
user_0348,item_0133,2
user_0348,item_0033,1
user_0348,item_0091,1
user_0348,item_0116,1
user_0348,item_0135,1
user_0348,item_0154,1
user_0349,item_0056,5
user_0349,item_0152,5
user_0349,item_0101,2
user_0349,item_0143,2
user_0349,item_0183,2
user_0349,item_0030,1
user_0349,item_0072,1
user_0349,item_0090,1
user_0349,item_0108,1
user_0349,item_0141,1
user_0349,item_0148,1
user_0349,item_0157,1
user_0349,item_0179,1
user_0350,item_0063,5
user_0350,item_0132,2
user_0350,item_0021,1
user_0350,item_0043,1
user_0350,item_0051,1
user_0350,item_0075,1
user_0350,item_0085,1
user_0350,item_0149,1
user_0351,item_0057,5
user_0351,item_0058,5
user_0351,item_0081,5
user_0351,item_0165,5
user_0351,item_0199,5
user_0351,item_0029,2
user_0351,item_0035,2
user_0351,item_0094,2
user_0351,item_0173,2
user_0351,item_0003,1
user_0351,item_0004,1
user_0351,item_0008,1
user_0351,item_0012,1
user_0351,item_0028,1
user_0351,item_0041,1
user_0351,item_0046,1
user_0351,item_0061,1
user_0351,item_0074,1
user_0351,item_0132,1
user_0351,item_0143,1
user_0351,item_0146,1
user_0351,item_0158,1
user_0351,item_0181,1
user_0351,item_0196,1
user_0352,item_0078,2
user_0352,item_0175,2
user_0352,item_0005,1
user_0352,item_0094,1
user_0352,item_0176,1
user_0353,item_0154,5
user_0353,item_0170,5
user_0353,item_0006,2
user_0353,item_0178,2
user_0353,item_0008,1
user_0353,item_0029,1
user_0353,item_0050,1
user_0353,item_0053,1
user_0353,item_0068,1
user_0353,item_0092,1
user_0353,item_0096,1
user_0353,item_0098,1
user_0353,item_0123,1
user_0353,item_0145,1
user_0353,item_0150,1
user_0353,item_0185,1
user_0354,item_0035,5
user_0354,item_0107,2
user_0354,item_0007,1
user_0354,item_0011,1
user_0354,item_0085,1
user_0354,item_0104,1
user_0354,item_0133,1
user_0354,item_0162,1
user_0354,item_0184,1
user_0354,item_0185,1
user_0354,item_0192,1
user_0355,item_0021,5
user_0355,item_0053,5
user_0355,item_0124,5
user_0355,item_0069,2
user_0355,item_0079,2
user_0355,item_0157,2
user_0355,item_0191,2
user_0355,item_0199,2
user_0355,item_0008,1
user_0355,item_0026,1
user_0355,item_0048,1
user_0355,item_0122,1
user_0355,item_0160,1
user_0355,item_0172,1
user_0355,item_0181,1
user_0355,item_0182,1
user_0356,item_0019,5
user_0356,item_0038,1
user_0356,item_0081,1
user_0356,item_0120,1
user_0357,item_0071,5
user_0357,item_0019,2
user_0357,item_0003,1
user_0357,item_0052,1
user_0357,item_0063,1
user_0357,item_0077,1
user_0357,item_0099,1
user_0357,item_0128,1
user_0357,item_0138,1
user_0357,item_0151,1
user_0357,item_0162,1
user_0358,item_0134,5
user_0358,item_0017,2
user_0358,item_0026,2
user_0358,item_0074,2
user_0358,item_0102,2
user_0358,item_0010,1
user_0358,item_0014,1
user_0358,item_0016,1
user_0358,item_0076,1
user_0358,item_0077,1
user_0358,item_0139,1
user_0358,item_0199,1
user_0359,item_0000,5
user_0359,item_0033,2
user_0359,item_0045,2
user_0359,item_0085,2
user_0359,item_0086,2
user_0359,item_0106,2
user_0359,item_0127,2
user_0359,item_0133,2
user_0359,item_0023,1
user_0359,item_0043,1
user_0359,item_0064,1
user_0359,item_0101,1
user_0359,item_0135,1
user_0359,item_0137,1
user_0359,item_0144,1
user_0359,item_0163,1
user_0359,item_0178,1
user_0359,item_0192,1
user_0360,item_0004,2
user_0360,item_0152,2
user_0360,item_0159,2
user_0360,item_0017,1
user_0360,item_0053,1
user_0360,item_0120,1
user_0360,item_0145,1
user_0360,item_0158,1
user_0361,item_0167,5
user_0361,item_0059,2
user_0361,item_0129,2
user_0361,item_0143,2
user_0361,item_0026,1
user_0361,item_0070,1
user_0361,item_0071,1
user_0361,item_0124,1
user_0361,item_0147,1
user_0361,item_0153,1
user_0361,item_0155,1
user_0361,item_0163,1
user_0361,item_0183,1
user_0361,item_0199,1
user_0362,item_0091,5
user_0362,item_0140,2
user_0362,item_0003,1
user_0362,item_0024,1
user_0362,item_0044,1
user_0362,item_0051,1
user_0362,item_0099,1
user_0362,item_0181,1
user_0363,item_0045,5
user_0363,item_0178,5
user_0363,item_0031,2
user_0363,item_0034,2
user_0363,item_0049,2
user_0363,item_0081,2
user_0363,item_0147,2
user_0363,item_0165,2
user_0363,item_0180,2
user_0363,item_0002,1
user_0363,item_0026,1
user_0363,item_0037,1
user_0363,item_0043,1
user_0363,item_0084,1
user_0363,item_0092,1
user_0363,item_0099,1
user_0363,item_0104,1
user_0363,item_0117,1
user_0363,item_0152,1
user_0363,item_0162,1
user_0363,item_0172,1
user_0363,item_0189,1
user_0364,item_0022,5
user_0364,item_0036,5
user_0364,item_0068,2
user_0364,item_0019,1
user_0364,item_0027,1
user_0364,item_0028,1
user_0364,item_0052,1
user_0364,item_0065,1
user_0364,item_0088,1
user_0364,item_0097,1
user_0364,item_0106,1
user_0364,item_0109,1
user_0364,item_0141,1
user_0364,item_0152,1
user_0364,item_0196,1
user_0365,item_0006,5
user_0365,item_0054,5
user_0365,item_0156,5
user_0365,item_0026,2
user_0365,item_0093,2
user_0365,item_0113,2
user_0365,item_0137,2
user_0365,item_0146,2
user_0365,item_0157,2
user_0365,item_0013,1
user_0365,item_0041,1
user_0365,item_0056,1
user_0365,item_0070,1
user_0365,item_0082,1
user_0365,item_0085,1
user_0365,item_0115,1
user_0365,item_0134,1
user_0365,item_0135,1
user_0365,item_0144,1
user_0365,item_0153,1
user_0365,item_0165,1
user_0365,item_0169,1
user_0365,item_0199,1
user_0366,item_0137,5
user_0366,item_0010,2
user_0366,item_0159,2
user_0366,item_0017,1
user_0366,item_0122,1
user_0366,item_0139,1
user_0366,item_0176,1
user_0367,item_0031,2
user_0367,item_0064,2
user_0367,item_0109,2
user_0367,item_0145,2
user_0367,item_0021,1
user_0367,item_0025,1
user_0367,item_0028,1
user_0367,item_0029,1
user_0367,item_0030,1
user_0367,item_0050,1
user_0367,item_0061,1
user_0367,item_0075,1
user_0367,item_0111,1
user_0368,item_0020,5
user_0368,item_0037,5
user_0368,item_0115,5
user_0368,item_0001,2
user_0368,item_0009,2
user_0368,item_0017,2
user_0368,item_0081,2
user_0368,item_0003,1
user_0368,item_0007,1
user_0368,item_0058,1
user_0368,item_0108,1
user_0368,item_0149,1
user_0368,item_0150,1
user_0368,item_0167,1
user_0368,item_0180,1
user_0368,item_0187,1
user_0368,item_0193,1
user_0369,item_0086,5
user_0369,item_0143,2
user_0369,item_0030,1
user_0369,item_0081,1
user_0369,item_0103,1
user_0369,item_0130,1
user_0369,item_0151,1
user_0369,item_0162,1
user_0369,item_0195,1
user_0370,item_0123,5
user_0370,item_0022,2
user_0370,item_0079,2
user_0370,item_0087,2
user_0370,item_0093,2
user_0370,item_0106,2
user_0370,item_0173,2
user_0370,item_0003,1
user_0370,item_0056,1
user_0370,item_0059,1
user_0370,item_0060,1
user_0370,item_0086,1
user_0370,item_0128,1
user_0370,item_0136,1
user_0370,item_0148,1
user_0370,item_0151,1
user_0370,item_0184,1
user_0370,item_0199,1
user_0371,item_0009,5
user_0371,item_0129,5
user_0371,item_0024,1
user_0371,item_0041,1
user_0371,item_0057,1
user_0371,item_0063,1
user_0371,item_0163,1
user_0372,item_0016,5
user_0372,item_0196,5
user_0372,item_0124,2
user_0372,item_0017,1
user_0372,item_0026,1
user_0372,item_0049,1
user_0372,item_0067,1
user_0372,item_0076,1
user_0372,item_0082,1
user_0372,item_0107,1
user_0372,item_0120,1
user_0372,item_0121,1
user_0372,item_0131,1
user_0372,item_0144,1
user_0373,item_0025,5
user_0373,item_0016,2
user_0373,item_0035,2
user_0373,item_0040,2
user_0373,item_0064,2
user_0373,item_0119,2
user_0373,item_0124,2
user_0373,item_0130,2
user_0373,item_0147,2
user_0373,item_0194,2
user_0373,item_0004,1
user_0373,item_0006,1
user_0373,item_0019,1
user_0373,item_0023,1
user_0373,item_0036,1
user_0373,item_0052,1
user_0373,item_0055,1
user_0373,item_0097,1
user_0373,item_0153,1
user_0373,item_0199,1
user_0374,item_0078,5
user_0374,item_0181,5
user_0374,item_0147,2
user_0374,item_0004,1
user_0374,item_0005,1
user_0374,item_0014,1
user_0374,item_0051,1
user_0374,item_0053,1
user_0374,item_0067,1
user_0374,item_0074,1
user_0374,item_0100,1
user_0374,item_0104,1
user_0374,item_0107,1
user_0374,item_0113,1
user_0374,item_0127,1
user_0374,item_0132,1
user_0374,item_0157,1
user_0374,item_0167,1
user_0374,item_0188,1
user_0374,item_0199,1
user_0375,item_0079,5
user_0375,item_0108,2
user_0375,item_0127,2
user_0375,item_0136,2
user_0375,item_0186,2
user_0375,item_0199,2
user_0375,item_0000,1
user_0375,item_0004,1
user_0375,item_0016,1
user_0375,item_0038,1
user_0375,item_0074,1
user_0375,item_0110,1
user_0375,item_0115,1
user_0375,item_0134,1
user_0375,item_0143,1
user_0375,item_0152,1
user_0375,item_0155,1
user_0375,item_0163,1
user_0375,item_0174,1
user_0375,item_0177,1
user_0375,item_0192,1
user_0376,item_0044,5
user_0376,item_0151,5
user_0376,item_0193,5
user_0376,item_0040,2
user_0376,item_0085,2
user_0376,item_0088,2
user_0376,item_0182,2
user_0376,item_0023,1
user_0376,item_0036,1
user_0376,item_0060,1
user_0376,item_0064,1
user_0376,item_0068,1
user_0376,item_0075,1
user_0376,item_0142,1
user_0376,item_0172,1
user_0376,item_0173,1
user_0376,item_0174,1
user_0376,item_0175,1
user_0377,item_0007,5
user_0377,item_0069,5
user_0377,item_0027,2
user_0377,item_0129,2
user_0377,item_0162,2
user_0377,item_0050,1
user_0378,item_0031,5
user_0378,item_0038,5
user_0378,item_0039,5
user_0378,item_0157,5
user_0378,item_0003,2
user_0378,item_0010,1
user_0378,item_0011,1
user_0378,item_0060,1
user_0378,item_0097,1
user_0378,item_0129,1
user_0378,item_0170,1
user_0379,item_0074,5
user_0379,item_0103,5
user_0379,item_0027,2
user_0379,item_0054,2
user_0379,item_0082,2
user_0379,item_0128,2
user_0379,item_0187,2
user_0379,item_0005,1
user_0379,item_0016,1
user_0379,item_0028,1
user_0379,item_0050,1
user_0379,item_0051,1
user_0379,item_0064,1
user_0379,item_0065,1
user_0379,item_0071,1
user_0379,item_0080,1
user_0379,item_0089,1
user_0379,item_0111,1
user_0380,item_0031,5
user_0380,item_0066,5
user_0380,item_0017,2
user_0380,item_0074,2
user_0380,item_0088,2
user_0380,item_0103,2
user_0380,item_0120,2
user_0380,item_0145,2
user_0380,item_0186,2
user_0380,item_0192,2
user_0380,item_0012,1
user_0380,item_0028,1
user_0380,item_0069,1
user_0380,item_0071,1
user_0380,item_0079,1
user_0380,item_0082,1
user_0380,item_0104,1
user_0380,item_0115,1
user_0380,item_0131,1
user_0380,item_0167,1
user_0380,item_0181,1
user_0381,item_0105,5
user_0381,item_0077,2
user_0381,item_0086,2
user_0381,item_0115,2
user_0381,item_0163,2
user_0381,item_0172,2
user_0381,item_0012,1
user_0381,item_0028,1
user_0381,item_0053,1
user_0381,item_0057,1
user_0381,item_0066,1
user_0381,item_0068,1
user_0381,item_0078,1
user_0381,item_0082,1
user_0381,item_0085,1
user_0381,item_0098,1
user_0381,item_0106,1
user_0381,item_0123,1
user_0381,item_0127,1
user_0381,item_0135,1
user_0381,item_0140,1
user_0381,item_0159,1
user_0381,item_0162,1
user_0381,item_0183,1
user_0381,item_0199,1
user_0382,item_0044,5
user_0382,item_0079,5
user_0382,item_0115,5
user_0382,item_0194,5
user_0382,item_0010,2
user_0382,item_0019,2
user_0382,item_0038,2
user_0382,item_0069,2
user_0382,item_0076,2
user_0382,item_0146,2
user_0382,item_0004,1
user_0382,item_0005,1
user_0382,item_0011,1
user_0382,item_0046,1
user_0382,item_0048,1
user_0382,item_0056,1
user_0382,item_0065,1
user_0382,item_0080,1
user_0382,item_0105,1
user_0382,item_0140,1
user_0382,item_0154,1
user_0382,item_0162,1
user_0382,item_0179,1
user_0383,item_0007,5
user_0383,item_0066,5
user_0383,item_0039,1
user_0383,item_0045,1
user_0383,item_0124,1
user_0383,item_0137,1
user_0383,item_0185,1
user_0384,item_0163,5
user_0384,item_0057,1
user_0385,item_0039,1
user_0385,item_0041,1
user_0385,item_0076,1
user_0385,item_0161,1
user_0386,item_0059,5
user_0386,item_0040,2
user_0386,item_0085,2
user_0386,item_0113,2
user_0386,item_0178,2
user_0386,item_0186,2
user_0386,item_0004,1
user_0386,item_0039,1
user_0386,item_0041,1
user_0386,item_0049,1
user_0386,item_0060,1
user_0386,item_0088,1
user_0386,item_0124,1
user_0386,item_0126,1
user_0386,item_0131,1
user_0386,item_0133,1
user_0386,item_0164,1
user_0386,item_0187,1
user_0386,item_0195,1
user_0387,item_0063,5
user_0387,item_0009,2
user_0387,item_0022,2
user_0387,item_0099,2
user_0387,item_0181,2
user_0387,item_0012,1
user_0387,item_0045,1
user_0387,item_0050,1
user_0387,item_0076,1
user_0387,item_0098,1
user_0387,item_0103,1
user_0387,item_0104,1
user_0387,item_0119,1
user_0387,item_0138,1
user_0387,item_0162,1
user_0387,item_0168,1
user_0387,item_0197,1
user_0388,item_0067,2
user_0388,item_0144,2
user_0388,item_0161,2
user_0388,item_0193,2
user_0388,item_0026,1
user_0388,item_0041,1
user_0388,item_0047,1
user_0388,item_0059,1
user_0388,item_0072,1
user_0388,item_0087,1
user_0388,item_0100,1
user_0388,item_0127,1
user_0388,item_0129,1
user_0388,item_0154,1
user_0388,item_0165,1
user_0388,item_0173,1
user_0389,item_0190,5
user_0389,item_0126,2
user_0389,item_0018,1
user_0389,item_0038,1
user_0389,item_0052,1
user_0389,item_0062,1
user_0389,item_0086,1
user_0389,item_0110,1
user_0389,item_0111,1
user_0389,item_0125,1
user_0389,item_0134,1
user_0389,item_0155,1
user_0389,item_0167,1
user_0389,item_0186,1
user_0389,item_0189,1
user_0390,item_0182,5
user_0390,item_0142,2
user_0390,item_0024,1
user_0390,item_0034,1
user_0390,item_0056,1
user_0390,item_0066,1
user_0391,item_0098,5
user_0391,item_0117,5
user_0391,item_0012,2
user_0391,item_0021,2
user_0391,item_0057,2
user_0391,item_0185,2
user_0391,item_0017,1
user_0391,item_0023,1
user_0391,item_0055,1
user_0391,item_0085,1
user_0391,item_0151,1
user_0391,item_0168,1
user_0391,item_0192,1
user_0392,item_0007,5
user_0392,item_0178,5
user_0392,item_0066,2
user_0392,item_0094,2
user_0392,item_0000,1
user_0392,item_0001,1
user_0392,item_0008,1
user_0392,item_0018,1
user_0392,item_0028,1
user_0392,item_0090,1
user_0392,item_0104,1
user_0392,item_0145,1
user_0392,item_0151,1
user_0392,item_0165,1
user_0392,item_0187,1
user_0392,item_0195,1
user_0393,item_0083,5
user_0393,item_0006,2
user_0393,item_0029,2
user_0393,item_0034,2
user_0393,item_0197,2
user_0393,item_0000,1
user_0393,item_0004,1
user_0393,item_0013,1
user_0393,item_0068,1
user_0393,item_0072,1
user_0393,item_0080,1
user_0393,item_0109,1
user_0393,item_0135,1
user_0393,item_0144,1
user_0393,item_0190,1
user_0393,item_0196,1
user_0394,item_0055,5
user_0394,item_0020,2
user_0394,item_0117,2
user_0394,item_0129,2
user_0395,item_0007,1
user_0395,item_0013,1
user_0395,item_0049,1
user_0395,item_0101,1
user_0395,item_0106,1
user_0396,item_0027,2
user_0396,item_0035,1
user_0397,item_0039,5
user_0397,item_0119,5
user_0397,item_0147,5
user_0397,item_0175,5
user_0397,item_0015,2
user_0397,item_0152,2
user_0397,item_0165,2
user_0397,item_0169,2
user_0397,item_0176,2
user_0397,item_0178,2
user_0397,item_0191,2
user_0397,item_0002,1
user_0397,item_0008,1
user_0397,item_0054,1
user_0397,item_0068,1
user_0397,item_0069,1
user_0397,item_0080,1
user_0397,item_0094,1
user_0397,item_0113,1
user_0397,item_0124,1
user_0397,item_0125,1
user_0397,item_0137,1
user_0397,item_0166,1
user_0397,item_0181,1
user_0398,item_0074,2
user_0398,item_0008,1
user_0398,item_0068,1
user_0398,item_0075,1
user_0398,item_0177,1
user_0399,item_0055,5
user_0399,item_0113,2
user_0399,item_0117,2
user_0399,item_0174,2
user_0399,item_0020,1
user_0399,item_0036,1
user_0399,item_0058,1
user_0399,item_0090,1
user_0399,item_0137,1
user_0399,item_0155,1
user_0399,item_0182,1
user_0400,item_0001,2
user_0400,item_0093,1
user_0401,item_0000,2
user_0401,item_0021,1
user_0401,item_0053,1
user_0401,item_0143,1
user_0401,item_0147,1
user_0402,item_0010,2
user_0402,item_0111,2
user_0402,item_0154,2
user_0402,item_0174,2
user_0402,item_0034,1
user_0402,item_0036,1
user_0402,item_0043,1
user_0402,item_0099,1
user_0402,item_0144,1
user_0402,item_0145,1
user_0402,item_0160,1
user_0402,item_0168,1
user_0402,item_0170,1
user_0402,item_0197,1
user_0403,item_0097,5
user_0403,item_0122,5
user_0403,item_0062,2
user_0403,item_0015,1
user_0403,item_0022,1
user_0403,item_0081,1
user_0403,item_0159,1
user_0403,item_0196,1
user_0404,item_0023,2
user_0404,item_0058,2
user_0404,item_0113,2
user_0404,item_0118,2
user_0404,item_0121,2
user_0404,item_0180,2
user_0404,item_0005,1
user_0404,item_0051,1
user_0404,item_0097,1
user_0404,item_0156,1
user_0404,item_0186,1
user_0405,item_0069,5
user_0405,item_0038,2
user_0405,item_0063,2
user_0405,item_0019,1
user_0405,item_0093,1
user_0405,item_0123,1
user_0405,item_0138,1
user_0405,item_0156,1
user_0405,item_0163,1
user_0405,item_0179,1
user_0406,item_0123,5
user_0406,item_0033,2
user_0406,item_0090,2
user_0406,item_0103,2
user_0406,item_0141,2
user_0406,item_0193,2
user_0406,item_0039,1
user_0406,item_0042,1
user_0406,item_0050,1
user_0406,item_0053,1
user_0406,item_0054,1
user_0406,item_0055,1
user_0406,item_0085,1
user_0406,item_0162,1
user_0406,item_0163,1
user_0406,item_0178,1
user_0406,item_0190,1
user_0407,item_0126,5
user_0407,item_0054,2
user_0407,item_0060,2
user_0407,item_0092,2
user_0407,item_0029,1
user_0407,item_0031,1
user_0407,item_0046,1
user_0407,item_0065,1
user_0407,item_0077,1
user_0407,item_0106,1
user_0407,item_0116,1
user_0407,item_0132,1
user_0407,item_0156,1
user_0407,item_0183,1
user_0408,item_0037,5
user_0408,item_0166,5
user_0408,item_0179,5
user_0408,item_0057,2
user_0408,item_0058,1
user_0408,item_0068,1
user_0408,item_0111,1
user_0408,item_0138,1
user_0408,item_0144,1
user_0408,item_0153,1
user_0408,item_0160,1
user_0408,item_0168,1
user_0408,item_0176,1
user_0409,item_0139,5
user_0409,item_0121,1
user_0409,item_0196,1
user_0410,item_0194,2
user_0410,item_0024,1
user_0410,item_0123,1
user_0410,item_0161,1
user_0411,item_0001,2
user_0411,item_0020,2
user_0411,item_0197,2
user_0411,item_0026,1
user_0411,item_0027,1
user_0411,item_0066,1
user_0411,item_0114,1
user_0411,item_0116,1
user_0411,item_0128,1
user_0411,item_0178,1
user_0412,item_0104,2
user_0412,item_0003,1
user_0412,item_0036,1
user_0412,item_0045,1
user_0412,item_0046,1
user_0412,item_0072,1
user_0412,item_0196,1
user_0413,item_0082,5
user_0413,item_0001,2
user_0413,item_0003,2
user_0413,item_0050,2
user_0413,item_0097,2
user_0413,item_0107,2
user_0413,item_0143,2
user_0413,item_0025,1
user_0413,item_0057,1
user_0413,item_0083,1
user_0413,item_0086,1
user_0413,item_0118,1
user_0413,item_0119,1
user_0413,item_0138,1
user_0413,item_0154,1
user_0414,item_0020,5
user_0414,item_0007,2
user_0414,item_0034,2
user_0414,item_0037,2
user_0414,item_0107,2
user_0414,item_0010,1
user_0414,item_0019,1
user_0414,item_0058,1
user_0414,item_0164,1
user_0415,item_0114,5
user_0415,item_0158,5
user_0415,item_0043,2
user_0415,item_0045,2
user_0415,item_0047,2
user_0415,item_0096,2
user_0415,item_0111,2
user_0415,item_0134,2
user_0415,item_0146,2
user_0415,item_0174,2
user_0415,item_0187,2
user_0415,item_0011,1
user_0415,item_0012,1
user_0415,item_0063,1
user_0415,item_0073,1
user_0415,item_0110,1
user_0415,item_0124,1
user_0415,item_0129,1
user_0415,item_0140,1
user_0415,item_0142,1
user_0415,item_0154,1
user_0415,item_0161,1
user_0415,item_0181,1
user_0415,item_0197,1
user_0416,item_0047,2
user_0416,item_0003,1
user_0416,item_0069,1
user_0416,item_0105,1
user_0416,item_0124,1
user_0416,item_0143,1
user_0416,item_0146,1
user_0417,item_0061,5
user_0417,item_0158,5
user_0417,item_0020,2
user_0417,item_0043,2
user_0417,item_0044,2
user_0417,item_0053,2
user_0417,item_0070,2
user_0417,item_0101,2
user_0417,item_0102,2
user_0417,item_0112,2
user_0417,item_0121,2
user_0417,item_0026,1
user_0417,item_0099,1
user_0417,item_0108,1
user_0417,item_0124,1
user_0417,item_0132,1
user_0417,item_0133,1
user_0417,item_0135,1
user_0417,item_0182,1
user_0417,item_0187,1
user_0417,item_0198,1
user_0418,item_0022,5
user_0418,item_0130,5
user_0418,item_0023,2
user_0418,item_0091,2
user_0418,item_0144,2
user_0418,item_0162,2
user_0418,item_0199,2
user_0418,item_0095,1
user_0418,item_0104,1
user_0418,item_0126,1
user_0418,item_0163,1
user_0419,item_0020,1
user_0419,item_0050,1
user_0420,item_0032,5
user_0420,item_0121,2
user_0420,item_0191,1
user_0421,item_0118,5
user_0421,item_0043,2
user_0421,item_0056,1
user_0421,item_0060,1
user_0421,item_0133,1
user_0421,item_0193,1
user_0422,item_0026,2
user_0423,item_0013,1
user_0424,item_0030,5
user_0424,item_0147,5
user_0424,item_0187,5
user_0424,item_0198,5
user_0424,item_0082,2
user_0424,item_0165,2
user_0424,item_0008,1
user_0424,item_0025,1
user_0424,item_0037,1
user_0424,item_0073,1
user_0424,item_0083,1
user_0424,item_0119,1
user_0424,item_0171,1
user_0424,item_0174,1
user_0425,item_0003,5
user_0425,item_0070,5
user_0425,item_0108,5
user_0425,item_0139,5
user_0425,item_0144,5
user_0425,item_0088,2
user_0425,item_0107,2
user_0425,item_0113,2
user_0425,item_0181,2
user_0425,item_0185,2
user_0425,item_0187,2
user_0425,item_0000,1
user_0425,item_0004,1
user_0425,item_0008,1
user_0425,item_0020,1
user_0425,item_0067,1
user_0425,item_0085,1
user_0425,item_0093,1
user_0425,item_0147,1
user_0425,item_0156,1
user_0425,item_0175,1
user_0425,item_0186,1
user_0425,item_0198,1
user_0426,item_0025,5
user_0426,item_0098,5
user_0426,item_0155,5
user_0426,item_0048,2
user_0426,item_0097,2
user_0426,item_0006,1
user_0426,item_0009,1
user_0426,item_0021,1
user_0426,item_0022,1
user_0426,item_0026,1
user_0426,item_0054,1
user_0426,item_0063,1
user_0426,item_0080,1
user_0426,item_0123,1
user_0426,item_0146,1
user_0426,item_0151,1
user_0426,item_0156,1
user_0426,item_0161,1
user_0426,item_0197,1
user_0427,item_0022,5
user_0427,item_0105,5
user_0427,item_0147,2
user_0427,item_0061,1
user_0427,item_0083,1
user_0427,item_0107,1
user_0427,item_0146,1
user_0427,item_0150,1
user_0427,item_0151,1
user_0428,item_0006,5
user_0428,item_0067,5
user_0428,item_0136,2
user_0428,item_0026,1
user_0428,item_0043,1
user_0428,item_0057,1
user_0428,item_0060,1
user_0428,item_0106,1
user_0428,item_0116,1
user_0428,item_0129,1
user_0428,item_0135,1
user_0428,item_0166,1
user_0428,item_0186,1
user_0428,item_0198,1
user_0429,item_0020,2
user_0429,item_0081,2
user_0429,item_0179,2
user_0429,item_0007,1
user_0429,item_0013,1
user_0429,item_0062,1
user_0429,item_0068,1
user_0429,item_0104,1
user_0429,item_0155,1
user_0429,item_0190,1
user_0430,item_0096,5
user_0430,item_0014,2
user_0430,item_0057,2
user_0430,item_0051,1
user_0430,item_0053,1
user_0430,item_0091,1
user_0430,item_0120,1
user_0430,item_0139,1
user_0430,item_0147,1
user_0430,item_0163,1
user_0430,item_0169,1
user_0431,item_0087,5
user_0431,item_0012,2
user_0431,item_0040,2
user_0431,item_0042,2
user_0431,item_0072,2
user_0431,item_0098,2
user_0431,item_0109,2
user_0431,item_0115,2
user_0431,item_0007,1
user_0431,item_0017,1
user_0431,item_0046,1
user_0431,item_0060,1
user_0431,item_0075,1
user_0431,item_0111,1
user_0431,item_0128,1
user_0431,item_0129,1
user_0431,item_0132,1
user_0431,item_0151,1
user_0431,item_0159,1
user_0431,item_0175,1
user_0431,item_0180,1
user_0431,item_0185,1
user_0431,item_0188,1
user_0432,item_0034,5
user_0432,item_0039,2
user_0432,item_0125,2
user_0432,item_0133,2
user_0432,item_0036,1
user_0432,item_0058,1
user_0432,item_0099,1
user_0432,item_0134,1
user_0432,item_0136,1
user_0433,item_0078,2
user_0433,item_0147,2
user_0433,item_0028,1
user_0433,item_0060,1
user_0433,item_0187,1
user_0434,item_0143,5
user_0434,item_0187,5
user_0434,item_0098,1
user_0434,item_0120,1
user_0434,item_0174,1
user_0435,item_0060,5
user_0435,item_0094,5
user_0435,item_0173,5
user_0435,item_0197,5
user_0435,item_0049,2
user_0435,item_0141,2
user_0435,item_0149,2
user_0435,item_0015,1
user_0435,item_0039,1
user_0435,item_0085,1
user_0435,item_0091,1
user_0435,item_0108,1
user_0435,item_0115,1
user_0435,item_0153,1
user_0435,item_0155,1
user_0435,item_0168,1
user_0436,item_0032,1
user_0436,item_0034,1
user_0436,item_0044,1
user_0436,item_0130,1
user_0436,item_0149,1
user_0437,item_0000,5
user_0437,item_0015,5
user_0437,item_0030,5
user_0437,item_0060,5
user_0437,item_0106,5
user_0437,item_0127,5
user_0437,item_0156,5
user_0437,item_0190,5
user_0437,item_0042,2
user_0437,item_0059,2
user_0437,item_0071,2
user_0437,item_0125,2
user_0437,item_0142,2
user_0437,item_0143,2
user_0437,item_0149,2
user_0437,item_0176,2
user_0437,item_0007,1
user_0437,item_0009,1
user_0437,item_0032,1
user_0437,item_0046,1
user_0437,item_0065,1
user_0437,item_0066,1
user_0437,item_0074,1
user_0437,item_0080,1
user_0437,item_0096,1
user_0437,item_0098,1
user_0437,item_0112,1
user_0437,item_0182,1
user_0437,item_0198,1
user_0438,item_0040,5
user_0438,item_0092,5
user_0438,item_0095,5
user_0438,item_0126,5
user_0438,item_0064,2
user_0438,item_0107,2
user_0438,item_0118,2
user_0438,item_0145,2
user_0438,item_0177,2
user_0438,item_0007,1
user_0438,item_0015,1
user_0438,item_0067,1
user_0438,item_0079,1
user_0438,item_0082,1
user_0438,item_0083,1
user_0438,item_0098,1
user_0438,item_0111,1
user_0438,item_0143,1
user_0438,item_0159,1
user_0438,item_0181,1
user_0438,item_0190,1
user_0438,item_0192,1
user_0439,item_0045,5
user_0439,item_0010,2
user_0439,item_0049,2
user_0439,item_0116,2
user_0439,item_0151,2
user_0439,item_0030,1
user_0439,item_0048,1
user_0439,item_0065,1
user_0439,item_0125,1
user_0439,item_0145,1
user_0439,item_0148,1
user_0440,item_0047,5
user_0440,item_0060,5
user_0440,item_0099,5
user_0440,item_0109,5
user_0440,item_0168,5
user_0440,item_0010,2
user_0440,item_0012,2
user_0440,item_0013,2
user_0440,item_0117,2
user_0440,item_0154,2
user_0440,item_0004,1
user_0440,item_0011,1
user_0440,item_0018,1
user_0440,item_0027,1
user_0440,item_0088,1
user_0440,item_0089,1
user_0440,item_0090,1
user_0440,item_0101,1
user_0440,item_0143,1
user_0440,item_0160,1
user_0441,item_0175,5
user_0441,item_0185,5
user_0441,item_0002,2
user_0441,item_0016,2
user_0441,item_0023,1
user_0441,item_0042,1
user_0441,item_0056,1
user_0441,item_0084,1
user_0441,item_0096,1
user_0441,item_0100,1
user_0441,item_0150,1
user_0441,item_0167,1
user_0441,item_0189,1
user_0442,item_0043,5
user_0442,item_0105,5
user_0442,item_0181,5
user_0442,item_0000,2
user_0442,item_0011,2
user_0442,item_0079,2
user_0442,item_0149,2
user_0442,item_0190,2
user_0442,item_0107,1
user_0442,item_0120,1
user_0442,item_0129,1
user_0442,item_0136,1
user_0442,item_0147,1
user_0443,item_0028,5
user_0443,item_0036,5
user_0443,item_0039,5
user_0443,item_0115,5
user_0443,item_0194,5
user_0443,item_0198,5
user_0443,item_0002,1
user_0443,item_0027,1
user_0443,item_0032,1
user_0443,item_0038,1
user_0443,item_0049,1
user_0443,item_0061,1
user_0443,item_0063,1
user_0443,item_0090,1
user_0443,item_0092,1
user_0443,item_0098,1
user_0443,item_0104,1
user_0443,item_0112,1
user_0443,item_0137,1
user_0443,item_0153,1
user_0443,item_0199,1
user_0444,item_0041,5
user_0444,item_0061,5
user_0444,item_0175,5
user_0444,item_0194,5
user_0444,item_0126,2
user_0444,item_0131,2
user_0444,item_0133,2
user_0444,item_0140,2
user_0444,item_0162,2
user_0444,item_0168,2
user_0444,item_0185,2
user_0444,item_0196,2
user_0444,item_0032,1
user_0444,item_0034,1
user_0444,item_0097,1
user_0444,item_0104,1
user_0444,item_0118,1
user_0444,item_0147,1
user_0444,item_0157,1
user_0445,item_0037,5
user_0445,item_0061,5
user_0445,item_0194,5
user_0445,item_0124,2
user_0445,item_0008,1
user_0445,item_0015,1
user_0445,item_0028,1
user_0445,item_0045,1
user_0445,item_0052,1
user_0445,item_0064,1
user_0445,item_0086,1
user_0445,item_0116,1
user_0445,item_0143,1
user_0445,item_0145,1
user_0445,item_0162,1
user_0445,item_0163,1
user_0445,item_0164,1
user_0445,item_0190,1
user_0446,item_0042,5
user_0446,item_0059,5
user_0446,item_0079,5
user_0446,item_0118,5
user_0446,item_0140,5
user_0446,item_0037,2
user_0446,item_0061,2
user_0446,item_0174,2
user_0446,item_0030,1
user_0446,item_0072,1
user_0446,item_0080,1
user_0446,item_0093,1
user_0446,item_0105,1
user_0446,item_0110,1
user_0446,item_0114,1
user_0446,item_0122,1
user_0446,item_0126,1
user_0446,item_0129,1
user_0446,item_0171,1
user_0446,item_0176,1
user_0447,item_0054,5
user_0447,item_0103,5
user_0447,item_0081,2
user_0447,item_0113,2
user_0447,item_0046,1
user_0447,item_0152,1
user_0447,item_0196,1
user_0448,item_0102,5
user_0448,item_0170,5
user_0448,item_0017,2
user_0448,item_0043,2
user_0448,item_0078,2
user_0448,item_0010,1
user_0448,item_0012,1
user_0448,item_0016,1
user_0448,item_0026,1
user_0448,item_0029,1
user_0448,item_0035,1
user_0448,item_0044,1
user_0448,item_0059,1
user_0448,item_0061,1
user_0448,item_0080,1
user_0448,item_0104,1
user_0448,item_0109,1
user_0448,item_0125,1
user_0448,item_0128,1
user_0448,item_0138,1
user_0448,item_0153,1
user_0448,item_0157,1
user_0448,item_0192,1
user_0449,item_0028,5
user_0449,item_0013,2
user_0449,item_0068,2
user_0449,item_0122,2
user_0449,item_0166,2
user_0449,item_0178,2
user_0449,item_0005,1
user_0449,item_0024,1
user_0449,item_0052,1
user_0449,item_0073,1
user_0449,item_0106,1
user_0449,item_0119,1
user_0449,item_0140,1
user_0449,item_0154,1
user_0450,item_0014,5
user_0450,item_0051,5
user_0450,item_0062,5
user_0450,item_0088,2
user_0450,item_0161,2
user_0450,item_0029,1
user_0450,item_0042,1
user_0450,item_0053,1
user_0450,item_0114,1
user_0450,item_0116,1
user_0450,item_0126,1
user_0450,item_0137,1
user_0450,item_0144,1
user_0450,item_0147,1
user_0450,item_0169,1
user_0450,item_0179,1
user_0451,item_0075,1
user_0451,item_0128,1
user_0451,item_0172,1
user_0451,item_0183,1
user_0452,item_0017,2
user_0452,item_0053,2
user_0452,item_0060,2
user_0452,item_0073,1
user_0452,item_0142,1
user_0452,item_0143,1
user_0452,item_0191,1
user_0453,item_0049,5
user_0453,item_0118,5
user_0453,item_0131,5
user_0453,item_0000,2
user_0453,item_0029,2
user_0453,item_0107,2
user_0453,item_0172,2
user_0453,item_0023,1
user_0453,item_0028,1
user_0453,item_0058,1
user_0453,item_0063,1
user_0453,item_0072,1
user_0453,item_0075,1
user_0453,item_0078,1
user_0453,item_0084,1
user_0453,item_0119,1
user_0453,item_0129,1
user_0453,item_0150,1
user_0453,item_0160,1
user_0453,item_0170,1
user_0453,item_0175,1
user_0453,item_0195,1
user_0454,item_0040,5
user_0454,item_0020,2
user_0454,item_0046,2
user_0454,item_0055,2
user_0454,item_0083,2
user_0454,item_0096,2
user_0454,item_0099,2
user_0454,item_0147,2
user_0454,item_0017,1
user_0454,item_0035,1
user_0454,item_0063,1
user_0454,item_0071,1
user_0454,item_0097,1
user_0454,item_0126,1
user_0454,item_0143,1
user_0454,item_0144,1
user_0454,item_0150,1
user_0454,item_0155,1
user_0454,item_0167,1
user_0454,item_0186,1
user_0454,item_0199,1
user_0455,item_0101,2
user_0455,item_0003,1
user_0455,item_0059,1
user_0455,item_0078,1
user_0455,item_0124,1
user_0456,item_0158,5
user_0456,item_0018,2
user_0456,item_0017,1
user_0456,item_0028,1
user_0456,item_0050,1
user_0456,item_0112,1
user_0456,item_0132,1
user_0456,item_0135,1
user_0456,item_0136,1
user_0457,item_0057,2
user_0457,item_0070,2
user_0457,item_0078,1
user_0457,item_0182,1
user_0458,item_0103,5
user_0458,item_0105,5
user_0458,item_0001,2
user_0458,item_0014,2
user_0458,item_0027,2
user_0458,item_0044,2
user_0458,item_0129,2
user_0458,item_0035,1
user_0458,item_0043,1
user_0458,item_0054,1
user_0458,item_0083,1
user_0458,item_0088,1
user_0458,item_0132,1
user_0458,item_0143,1
user_0458,item_0156,1
user_0458,item_0160,1
user_0458,item_0162,1
user_0458,item_0173,1
user_0458,item_0177,1
user_0458,item_0188,1
user_0459,item_0113,5
user_0459,item_0129,5
user_0459,item_0175,5
user_0459,item_0044,2
user_0459,item_0198,2
user_0459,item_0013,1
user_0459,item_0014,1
user_0459,item_0048,1
user_0459,item_0052,1
user_0459,item_0068,1
user_0459,item_0085,1
user_0459,item_0121,1
user_0459,item_0131,1
user_0459,item_0142,1
user_0459,item_0170,1
user_0459,item_0187,1
user_0459,item_0190,1
user_0460,item_0107,5
user_0460,item_0006,1
user_0460,item_0028,1
user_0460,item_0087,1
user_0460,item_0158,1
user_0461,item_0027,5
user_0461,item_0069,5
user_0461,item_0116,5
user_0461,item_0010,2
user_0461,item_0033,2
user_0461,item_0056,2
user_0461,item_0005,1
user_0461,item_0018,1
user_0461,item_0026,1
user_0461,item_0031,1
user_0461,item_0037,1
user_0461,item_0062,1
user_0461,item_0091,1
user_0461,item_0102,1
user_0461,item_0103,1
user_0461,item_0107,1
user_0461,item_0110,1
user_0461,item_0150,1
user_0461,item_0180,1
user_0461,item_0186,1
user_0462,item_0007,5
user_0462,item_0018,2
user_0462,item_0022,2
user_0462,item_0130,2
user_0462,item_0183,2
user_0462,item_0024,1
user_0462,item_0052,1
user_0462,item_0072,1
user_0462,item_0101,1
user_0462,item_0140,1
user_0462,item_0170,1
user_0463,item_0085,5
user_0463,item_0149,5
user_0463,item_0039,1
user_0463,item_0143,1
user_0463,item_0185,1
user_0463,item_0186,1
user_0464,item_0025,5
user_0464,item_0098,5
user_0464,item_0036,2
user_0464,item_0096,2
user_0464,item_0097,2
user_0464,item_0118,2
user_0464,item_0150,2
user_0464,item_0174,2
user_0464,item_0017,1
user_0464,item_0026,1
user_0464,item_0047,1
user_0464,item_0086,1
user_0464,item_0091,1
user_0464,item_0127,1
user_0464,item_0158,1
user_0464,item_0166,1
user_0464,item_0197,1
user_0464,item_0198,1
user_0465,item_0073,5
user_0465,item_0186,5
user_0465,item_0190,5
user_0465,item_0030,2
user_0465,item_0094,2
user_0465,item_0126,2
user_0465,item_0139,2
user_0465,item_0195,2
user_0465,item_0023,1
user_0465,item_0036,1
user_0465,item_0056,1
user_0465,item_0067,1
user_0465,item_0082,1
user_0465,item_0100,1
user_0465,item_0101,1
user_0465,item_0110,1
user_0465,item_0114,1
user_0465,item_0124,1
user_0465,item_0133,1
user_0465,item_0175,1
user_0465,item_0183,1
user_0465,item_0189,1
user_0466,item_0123,5
user_0466,item_0080,2
user_0466,item_0111,2
user_0466,item_0157,2
user_0466,item_0163,2
user_0466,item_0024,1
user_0466,item_0052,1
user_0466,item_0060,1
user_0466,item_0091,1
user_0466,item_0094,1
user_0466,item_0107,1
user_0466,item_0108,1
user_0466,item_0112,1
user_0466,item_0113,1
user_0466,item_0129,1
user_0466,item_0150,1
user_0466,item_0155,1
user_0466,item_0172,1
user_0466,item_0173,1
user_0466,item_0187,1
user_0467,item_0030,5
user_0467,item_0157,5
user_0467,item_0009,2
user_0467,item_0064,2
user_0467,item_0151,2
user_0467,item_0152,2
user_0467,item_0011,1
user_0467,item_0132,1
user_0468,item_0184,5
user_0468,item_0054,2
user_0468,item_0062,2
user_0468,item_0144,2
user_0468,item_0170,2
user_0468,item_0198,2
user_0468,item_0026,1
user_0468,item_0033,1
user_0468,item_0050,1
user_0468,item_0065,1
user_0468,item_0073,1
user_0468,item_0082,1
user_0468,item_0109,1
user_0468,item_0116,1
user_0468,item_0147,1
user_0468,item_0156,1
user_0468,item_0166,1
user_0468,item_0192,1
user_0469,item_0090,5
user_0469,item_0128,5
user_0469,item_0138,5
user_0469,item_0156,5
user_0469,item_0028,2
user_0469,item_0052,2
user_0469,item_0063,2
user_0469,item_0096,2
user_0469,item_0101,2
user_0469,item_0106,2
user_0469,item_0004,1
user_0469,item_0011,1
user_0469,item_0019,1
user_0469,item_0031,1
user_0469,item_0088,1
user_0469,item_0104,1
user_0469,item_0120,1
user_0469,item_0161,1
user_0469,item_0185,1
user_0470,item_0191,5
user_0470,item_0002,2
user_0470,item_0007,2
user_0470,item_0127,2
user_0470,item_0037,1
user_0470,item_0038,1
user_0470,item_0061,1
user_0470,item_0094,1
user_0470,item_0120,1
user_0471,item_0004,5
user_0471,item_0038,5
user_0471,item_0001,2
user_0471,item_0018,2
user_0471,item_0101,2
user_0471,item_0035,1
user_0471,item_0089,1
user_0471,item_0096,1
user_0471,item_0105,1
user_0471,item_0180,1
user_0472,item_0080,5
user_0472,item_0154,5
user_0472,item_0193,5
user_0472,item_0024,2
user_0472,item_0047,2
user_0472,item_0109,2
user_0472,item_0150,2
user_0472,item_0162,2
user_0472,item_0184,2
user_0472,item_0030,1
user_0472,item_0055,1
user_0472,item_0098,1
user_0472,item_0105,1
user_0472,item_0120,1
user_0472,item_0181,1
user_0472,item_0183,1
user_0473,item_0013,5
user_0473,item_0099,5
user_0473,item_0163,5
user_0473,item_0040,2
user_0473,item_0083,2
user_0473,item_0091,2
user_0473,item_0102,2
user_0473,item_0127,2
user_0473,item_0153,2
user_0473,item_0154,2
user_0473,item_0172,2
user_0473,item_0002,1
user_0473,item_0033,1
user_0473,item_0069,1
user_0473,item_0089,1
user_0473,item_0114,1
user_0473,item_0124,1
user_0473,item_0158,1
user_0473,item_0165,1
user_0473,item_0197,1
user_0474,item_0099,5
user_0474,item_0138,5
user_0474,item_0156,5
user_0474,item_0166,5
user_0474,item_0198,5
user_0474,item_0008,2
user_0474,item_0029,2
user_0474,item_0069,2
user_0474,item_0088,2
user_0474,item_0100,2
user_0474,item_0016,1
user_0474,item_0019,1
user_0474,item_0023,1
user_0474,item_0036,1
user_0474,item_0128,1
user_0474,item_0143,1
user_0474,item_0149,1
user_0474,item_0176,1
user_0475,item_0013,2
user_0475,item_0046,2
user_0475,item_0195,2
user_0475,item_0011,1
user_0475,item_0024,1
user_0475,item_0039,1
user_0475,item_0042,1
user_0475,item_0051,1
user_0475,item_0068,1
user_0475,item_0105,1
user_0475,item_0116,1
user_0475,item_0125,1
user_0475,item_0140,1
user_0475,item_0154,1
user_0475,item_0173,1
user_0475,item_0188,1
user_0475,item_0189,1
user_0476,item_0025,5
user_0476,item_0072,5
user_0476,item_0084,5
user_0476,item_0195,5
user_0476,item_0017,2
user_0476,item_0071,2
user_0476,item_0073,2
user_0476,item_0106,2
user_0476,item_0160,2
user_0476,item_0168,2
user_0476,item_0057,1
user_0476,item_0077,1
user_0476,item_0085,1
user_0476,item_0107,1
user_0476,item_0169,1
user_0477,item_0132,5
user_0477,item_0104,2
user_0478,item_0131,5
user_0478,item_0155,5
user_0478,item_0017,2
user_0478,item_0085,2
user_0478,item_0125,2
user_0478,item_0004,1
user_0478,item_0016,1
user_0478,item_0028,1
user_0478,item_0029,1
user_0478,item_0043,1
user_0478,item_0046,1
user_0478,item_0053,1
user_0478,item_0064,1
user_0478,item_0094,1
user_0478,item_0101,1
user_0478,item_0189,1
user_0478,item_0193,1
user_0479,item_0150,5
user_0479,item_0004,2
user_0479,item_0025,2
user_0479,item_0054,2
user_0479,item_0058,2
user_0479,item_0067,2
user_0479,item_0078,2
user_0479,item_0012,1
user_0479,item_0037,1
user_0479,item_0064,1
user_0479,item_0079,1
user_0479,item_0095,1
user_0479,item_0107,1
user_0479,item_0111,1
user_0479,item_0113,1
user_0479,item_0152,1
user_0479,item_0176,1
user_0479,item_0195,1
user_0480,item_0072,5
user_0480,item_0006,2
user_0480,item_0053,2
user_0480,item_0117,1
user_0481,item_0092,5
user_0481,item_0036,2
user_0481,item_0059,2
user_0481,item_0073,2
user_0481,item_0094,2
user_0481,item_0147,2
user_0481,item_0150,2
user_0481,item_0155,2
user_0481,item_0198,2
user_0481,item_0001,1
user_0481,item_0045,1
user_0481,item_0064,1
user_0481,item_0065,1
user_0481,item_0067,1
user_0481,item_0076,1
user_0481,item_0098,1
user_0481,item_0119,1
user_0481,item_0156,1
user_0481,item_0161,1
user_0481,item_0187,1
user_0481,item_0195,1
user_0482,item_0108,5
user_0482,item_0160,5
user_0482,item_0018,2
user_0482,item_0027,2
user_0482,item_0035,2
user_0482,item_0043,2
user_0482,item_0045,2
user_0482,item_0049,2
user_0482,item_0097,2
user_0482,item_0006,1
user_0482,item_0022,1
user_0482,item_0051,1
user_0482,item_0079,1
user_0482,item_0081,1
user_0482,item_0092,1
user_0482,item_0103,1
user_0482,item_0134,1
user_0482,item_0148,1
user_0482,item_0186,1
user_0482,item_0197,1
user_0483,item_0003,5
user_0483,item_0170,5
user_0483,item_0037,2
user_0483,item_0004,1
user_0483,item_0006,1
user_0483,item_0032,1
user_0483,item_0072,1
user_0483,item_0073,1
user_0483,item_0081,1
user_0483,item_0155,1
user_0483,item_0156,1
user_0483,item_0166,1
user_0484,item_0089,5
user_0484,item_0085,2
user_0484,item_0086,2
user_0484,item_0174,2
user_0484,item_0185,2
user_0484,item_0000,1
user_0484,item_0029,1
user_0484,item_0033,1
user_0484,item_0044,1
user_0484,item_0047,1
user_0484,item_0069,1
user_0484,item_0146,1
user_0484,item_0155,1
user_0484,item_0161,1
user_0484,item_0186,1
user_0485,item_0189,5
user_0485,item_0000,2
user_0485,item_0011,2
user_0485,item_0061,2
user_0485,item_0103,2
user_0485,item_0109,2
user_0485,item_0112,2
user_0485,item_0132,2
user_0485,item_0050,1
user_0485,item_0055,1
user_0485,item_0107,1
user_0485,item_0150,1
user_0485,item_0165,1
user_0485,item_0191,1
user_0486,item_0123,5
user_0486,item_0033,2
user_0486,item_0082,2
user_0486,item_0165,2
user_0486,item_0166,2
user_0486,item_0172,2
user_0486,item_0156,1
user_0487,item_0003,5
user_0487,item_0100,5
user_0487,item_0147,5
user_0487,item_0044,2
user_0487,item_0048,1
user_0487,item_0076,1
user_0487,item_0084,1
user_0487,item_0102,1
user_0487,item_0123,1
user_0487,item_0155,1
user_0487,item_0196,1
user_0488,item_0015,5
user_0488,item_0118,5
user_0488,item_0019,2
user_0488,item_0142,2
user_0488,item_0008,1
user_0488,item_0009,1
user_0488,item_0023,1
user_0488,item_0058,1
user_0488,item_0067,1
user_0488,item_0084,1
user_0488,item_0114,1
user_0488,item_0129,1
user_0488,item_0138,1
user_0488,item_0176,1
user_0488,item_0177,1
user_0488,item_0182,1
user_0488,item_0192,1
user_0489,item_0111,5
user_0489,item_0089,2
user_0489,item_0188,2
user_0489,item_0017,1
user_0489,item_0020,1
user_0489,item_0021,1
user_0489,item_0065,1
user_0489,item_0112,1
user_0489,item_0115,1
user_0489,item_0142,1
user_0489,item_0158,1
user_0489,item_0171,1
user_0490,item_0007,5
user_0490,item_0015,2
user_0490,item_0073,2
user_0490,item_0176,2
user_0490,item_0016,1
user_0490,item_0056,1
user_0490,item_0079,1
user_0490,item_0091,1
user_0490,item_0102,1
user_0490,item_0110,1
user_0490,item_0114,1
user_0490,item_0129,1
user_0490,item_0145,1
user_0490,item_0167,1
user_0490,item_0192,1
user_0491,item_0012,2
user_0491,item_0059,2
user_0491,item_0099,2
user_0491,item_0021,1
user_0491,item_0112,1
user_0491,item_0121,1
user_0491,item_0163,1
user_0491,item_0190,1
user_0492,item_0097,2
user_0492,item_0125,2
user_0492,item_0130,2
user_0492,item_0143,2
user_0492,item_0019,1
user_0492,item_0050,1
user_0492,item_0085,1
user_0492,item_0109,1
user_0492,item_0140,1
user_0492,item_0149,1
user_0492,item_0163,1
user_0492,item_0170,1
user_0492,item_0173,1
user_0493,item_0056,5
user_0493,item_0085,5
user_0493,item_0139,5
user_0493,item_0002,2
user_0493,item_0013,2
user_0493,item_0041,2
user_0493,item_0020,1
user_0493,item_0026,1
user_0493,item_0031,1
user_0493,item_0035,1
user_0493,item_0071,1
user_0493,item_0088,1
user_0493,item_0125,1
user_0493,item_0135,1
user_0493,item_0141,1
user_0493,item_0163,1
user_0493,item_0167,1
user_0493,item_0187,1
user_0493,item_0195,1
user_0493,item_0197,1
user_0493,item_0198,1
user_0494,item_0158,5
user_0494,item_0014,2
user_0494,item_0075,2
user_0494,item_0095,2
user_0494,item_0121,2
user_0494,item_0141,2
user_0494,item_0168,2
user_0494,item_0004,1
user_0494,item_0009,1
user_0494,item_0013,1
user_0494,item_0025,1
user_0494,item_0120,1
user_0494,item_0185,1
user_0495,item_0155,5
user_0495,item_0010,2
user_0495,item_0179,2
user_0495,item_0039,1
user_0495,item_0052,1
user_0495,item_0157,1
user_0495,item_0193,1
user_0496,item_0002,2
user_0496,item_0008,2
user_0496,item_0032,2
user_0496,item_0059,2
user_0496,item_0037,1
user_0496,item_0043,1
user_0496,item_0061,1
user_0496,item_0071,1
user_0496,item_0082,1
user_0496,item_0106,1
user_0496,item_0146,1
user_0496,item_0194,1
user_0497,item_0005,5
user_0497,item_0131,5
user_0497,item_0185,5
user_0497,item_0042,2
user_0497,item_0049,2
user_0497,item_0072,2
user_0497,item_0090,2
user_0497,item_0027,1
user_0497,item_0044,1
user_0497,item_0062,1
user_0497,item_0107,1
user_0497,item_0126,1
user_0497,item_0153,1
user_0497,item_0161,1
user_0497,item_0199,1
user_0498,item_0160,2
user_0498,item_0025,1
user_0498,item_0026,1
user_0498,item_0093,1
user_0498,item_0099,1
user_0499,item_0000,1
user_0499,item_0087,1
user_0499,item_0113,1
user_0500,item_0107,5
user_0500,item_0011,2
user_0500,item_0017,2
user_0500,item_0125,2
user_0500,item_0157,2
user_0500,item_0026,1
user_0500,item_0031,1
user_0500,item_0056,1
user_0500,item_0057,1
user_0500,item_0083,1
user_0500,item_0094,1
user_0500,item_0128,1
user_0500,item_0148,1
user_0500,item_0158,1
user_0500,item_0165,1
user_0500,item_0177,1
user_0500,item_0195,1
user_0501,item_0025,5
user_0501,item_0140,2
user_0501,item_0162,2
user_0501,item_0008,1
user_0501,item_0011,1
user_0501,item_0041,1
user_0501,item_0066,1
user_0501,item_0085,1
user_0501,item_0091,1
user_0501,item_0151,1
user_0502,item_0041,5
user_0502,item_0065,5
user_0502,item_0081,5
user_0502,item_0178,5
user_0502,item_0061,2
user_0502,item_0083,2
user_0502,item_0085,2
user_0502,item_0014,1
user_0502,item_0019,1
user_0502,item_0073,1
user_0502,item_0075,1
user_0502,item_0084,1
user_0502,item_0091,1
user_0502,item_0100,1
user_0502,item_0127,1
user_0502,item_0152,1
user_0503,item_0001,5
user_0503,item_0083,2
user_0503,item_0166,1
user_0503,item_0188,1
user_0504,item_0034,5
user_0504,item_0174,5
user_0504,item_0011,2
user_0504,item_0020,2
user_0504,item_0048,2
user_0504,item_0086,2
user_0504,item_0122,2
user_0504,item_0161,2
user_0504,item_0171,2
user_0504,item_0184,2
user_0504,item_0017,1
user_0504,item_0028,1
user_0504,item_0071,1
user_0504,item_0072,1
user_0504,item_0090,1
user_0504,item_0102,1
user_0504,item_0113,1
user_0504,item_0128,1
user_0504,item_0130,1
user_0504,item_0134,1
user_0505,item_0022,1
user_0505,item_0034,1
user_0505,item_0044,1
user_0505,item_0073,1
user_0505,item_0194,1
user_0506,item_0059,2
user_0506,item_0199,2
user_0506,item_0056,1
user_0506,item_0084,1
user_0506,item_0099,1
user_0506,item_0139,1
user_0506,item_0149,1
user_0506,item_0170,1
user_0506,item_0180,1
user_0507,item_0129,5
user_0507,item_0148,5
user_0507,item_0015,2
user_0507,item_0146,2
user_0507,item_0007,1
user_0507,item_0030,1
user_0507,item_0093,1
user_0507,item_0095,1
user_0507,item_0097,1
user_0507,item_0098,1
user_0507,item_0137,1
user_0507,item_0155,1
user_0507,item_0156,1
user_0507,item_0171,1
user_0507,item_0194,1
user_0508,item_0083,5
user_0508,item_0142,5
user_0508,item_0167,5
user_0508,item_0193,5
user_0508,item_0195,5
user_0508,item_0009,2
user_0508,item_0020,2
user_0508,item_0038,2
user_0508,item_0049,2
user_0508,item_0127,2
user_0508,item_0133,2
user_0508,item_0143,2
user_0508,item_0145,2
user_0508,item_0166,2
user_0508,item_0006,1
user_0508,item_0023,1
user_0508,item_0056,1
user_0508,item_0100,1
user_0508,item_0124,1
user_0508,item_0129,1
user_0508,item_0156,1
user_0508,item_0158,1
user_0508,item_0163,1
user_0508,item_0164,1
user_0509,item_0032,5
user_0509,item_0180,5
user_0509,item_0050,2
user_0509,item_0073,2
user_0509,item_0106,2
user_0509,item_0199,2
user_0509,item_0013,1
user_0509,item_0025,1
user_0509,item_0044,1
user_0509,item_0071,1
user_0509,item_0098,1
user_0509,item_0113,1
user_0509,item_0143,1
user_0509,item_0152,1
user_0509,item_0153,1
user_0509,item_0159,1
user_0509,item_0161,1
user_0510,item_0045,5
user_0510,item_0068,5
user_0510,item_0130,5
user_0510,item_0156,5
user_0510,item_0186,5
user_0510,item_0035,2
user_0510,item_0109,2
user_0510,item_0110,2
user_0510,item_0152,2
user_0510,item_0155,2
user_0510,item_0033,1
user_0510,item_0047,1
user_0510,item_0048,1
user_0510,item_0060,1
user_0510,item_0067,1
user_0510,item_0071,1
user_0510,item_0088,1
user_0510,item_0119,1
user_0510,item_0163,1
user_0511,item_0126,5
user_0511,item_0010,2
user_0511,item_0081,2
user_0511,item_0120,2
user_0511,item_0000,1
user_0511,item_0005,1
user_0511,item_0021,1
user_0511,item_0023,1
user_0511,item_0034,1
user_0511,item_0038,1
user_0511,item_0043,1
user_0511,item_0052,1
user_0511,item_0054,1
user_0511,item_0062,1
user_0511,item_0071,1
user_0511,item_0115,1
user_0511,item_0129,1
user_0511,item_0158,1
user_0511,item_0183,1
user_0512,item_0045,2
user_0512,item_0179,1
user_0513,item_0009,5
user_0513,item_0024,5
user_0513,item_0148,5
user_0513,item_0182,5
user_0513,item_0193,5
user_0513,item_0042,2
user_0513,item_0071,2
user_0513,item_0115,2
user_0513,item_0138,2
user_0513,item_0143,2
user_0513,item_0005,1
user_0513,item_0025,1
user_0513,item_0060,1
user_0513,item_0103,1
user_0513,item_0105,1
user_0513,item_0189,1
user_0513,item_0190,1
user_0514,item_0021,5
user_0514,item_0155,5
user_0514,item_0028,2
user_0514,item_0049,2
user_0514,item_0162,2
user_0514,item_0168,2
user_0514,item_0002,1
user_0514,item_0019,1
user_0514,item_0020,1
user_0514,item_0037,1
user_0514,item_0176,1
user_0514,item_0182,1
user_0514,item_0195,1
user_0515,item_0042,5
user_0515,item_0075,5
user_0515,item_0127,5
user_0515,item_0045,2
user_0515,item_0006,1
user_0515,item_0008,1
user_0515,item_0016,1
user_0515,item_0023,1
user_0515,item_0027,1
user_0515,item_0065,1
user_0515,item_0094,1
user_0515,item_0108,1
user_0515,item_0128,1
user_0515,item_0163,1
user_0515,item_0173,1
user_0515,item_0186,1
user_0515,item_0188,1
user_0515,item_0192,1
user_0515,item_0194,1
user_0515,item_0197,1
user_0516,item_0018,1
user_0516,item_0054,1
user_0516,item_0079,1
user_0517,item_0072,5
user_0517,item_0077,5
user_0517,item_0147,5
user_0517,item_0031,2
user_0517,item_0096,2
user_0517,item_0161,2
user_0517,item_0021,1
user_0517,item_0075,1
user_0517,item_0076,1
user_0517,item_0078,1
user_0517,item_0081,1
user_0517,item_0095,1
user_0517,item_0115,1
user_0517,item_0150,1
user_0517,item_0160,1
user_0518,item_0005,5
user_0518,item_0079,5
user_0518,item_0088,5
user_0518,item_0052,2
user_0518,item_0075,1
user_0518,item_0148,1
user_0518,item_0162,1
user_0519,item_0147,2
user_0519,item_0051,1
user_0519,item_0077,1
user_0519,item_0178,1
user_0520,item_0005,2
user_0520,item_0007,2
user_0520,item_0022,1
user_0520,item_0033,1
user_0520,item_0059,1
user_0520,item_0068,1
user_0520,item_0069,1
user_0520,item_0103,1
user_0520,item_0115,1
user_0520,item_0123,1
user_0520,item_0130,1
user_0520,item_0139,1
user_0520,item_0146,1
user_0520,item_0155,1
user_0520,item_0168,1
user_0520,item_0188,1
user_0520,item_0189,1
user_0520,item_0191,1
user_0521,item_0023,5
user_0521,item_0017,1
user_0521,item_0048,1
user_0521,item_0167,1
user_0522,item_0023,5
user_0522,item_0155,5
user_0522,item_0008,2
user_0522,item_0041,2
user_0522,item_0186,2
user_0522,item_0011,1
user_0522,item_0012,1
user_0522,item_0045,1
user_0522,item_0054,1
user_0522,item_0087,1
user_0522,item_0101,1
user_0522,item_0115,1
user_0522,item_0124,1
user_0522,item_0150,1
user_0522,item_0171,1
user_0522,item_0175,1
user_0522,item_0176,1
user_0522,item_0181,1
user_0523,item_0002,1
user_0523,item_0011,1
user_0523,item_0195,1
user_0524,item_0043,5
user_0524,item_0137,5
user_0524,item_0036,2
user_0524,item_0085,2
user_0524,item_0089,2
user_0524,item_0170,2
user_0524,item_0029,1
user_0524,item_0037,1
user_0524,item_0084,1
user_0524,item_0171,1
user_0524,item_0178,1
user_0524,item_0186,1
user_0525,item_0044,5
user_0525,item_0075,2
user_0525,item_0109,2
user_0525,item_0154,2
user_0525,item_0198,2
user_0525,item_0067,1
user_0525,item_0104,1
user_0525,item_0163,1
user_0525,item_0180,1
user_0526,item_0198,5
user_0526,item_0041,2
user_0526,item_0035,1
user_0526,item_0055,1
user_0526,item_0123,1
user_0526,item_0145,1
user_0527,item_0023,5
user_0527,item_0057,5
user_0527,item_0079,5
user_0527,item_0157,5
user_0527,item_0182,5
user_0527,item_0016,2
user_0527,item_0126,2
user_0527,item_0132,2
user_0527,item_0160,2
user_0527,item_0017,1
user_0527,item_0049,1
user_0527,item_0056,1
user_0527,item_0069,1
user_0527,item_0092,1
user_0527,item_0102,1
user_0527,item_0131,1
user_0527,item_0149,1
user_0527,item_0150,1
user_0527,item_0172,1
user_0527,item_0177,1
user_0528,item_0018,5
user_0528,item_0066,2
user_0528,item_0067,2
user_0528,item_0104,2
user_0528,item_0170,2
user_0528,item_0033,1
user_0528,item_0037,1
user_0528,item_0051,1
user_0528,item_0065,1
user_0528,item_0084,1
user_0528,item_0101,1
user_0528,item_0129,1
user_0528,item_0154,1
user_0528,item_0180,1
user_0528,item_0187,1
user_0529,item_0157,5
user_0529,item_0009,1
user_0529,item_0061,1
user_0529,item_0068,1
user_0529,item_0075,1
user_0529,item_0089,1
user_0529,item_0123,1
user_0529,item_0170,1
user_0529,item_0176,1
user_0529,item_0182,1
user_0529,item_0190,1
user_0529,item_0197,1
user_0530,item_0057,5
user_0530,item_0073,5
user_0530,item_0016,2
user_0530,item_0026,2
user_0530,item_0046,2
user_0530,item_0101,2
user_0530,item_0107,2
user_0530,item_0108,2
user_0530,item_0141,2
user_0530,item_0174,2
user_0530,item_0000,1
user_0530,item_0007,1
user_0530,item_0038,1
user_0530,item_0040,1
user_0530,item_0063,1
user_0530,item_0092,1
user_0530,item_0103,1
user_0530,item_0171,1
user_0530,item_0175,1
user_0530,item_0190,1
user_0530,item_0194,1
user_0530,item_0199,1
user_0531,item_0197,5
user_0531,item_0060,2
user_0531,item_0117,2
user_0531,item_0003,1
user_0531,item_0039,1
user_0531,item_0114,1
user_0531,item_0193,1
user_0532,item_0129,5
user_0532,item_0134,5
user_0532,item_0121,1
user_0532,item_0147,1
user_0532,item_0149,1
user_0533,item_0181,5
user_0533,item_0023,2
user_0533,item_0055,2
user_0533,item_0075,2
user_0533,item_0163,2
user_0533,item_0175,2
user_0533,item_0179,2
user_0533,item_0000,1
user_0533,item_0018,1
user_0533,item_0022,1
user_0533,item_0034,1
user_0533,item_0052,1
user_0533,item_0064,1
user_0533,item_0066,1
user_0533,item_0089,1
user_0533,item_0091,1
user_0533,item_0100,1
user_0533,item_0105,1
user_0533,item_0106,1
user_0533,item_0121,1
user_0533,item_0123,1
user_0533,item_0128,1
user_0533,item_0144,1
user_0533,item_0146,1
user_0533,item_0151,1
user_0533,item_0152,1
user_0533,item_0169,1
user_0533,item_0186,1
user_0533,item_0193,1
user_0534,item_0039,5
user_0534,item_0180,5
user_0534,item_0103,2
user_0534,item_0000,1
user_0534,item_0074,1
user_0534,item_0127,1
user_0534,item_0129,1
user_0535,item_0073,5
user_0535,item_0109,2
user_0535,item_0121,2
user_0535,item_0004,1
user_0535,item_0024,1
user_0535,item_0030,1
user_0535,item_0031,1
user_0535,item_0058,1
user_0535,item_0067,1
user_0535,item_0074,1
user_0535,item_0143,1
user_0535,item_0164,1
user_0535,item_0165,1
user_0535,item_0184,1
user_0535,item_0192,1
user_0535,item_0194,1
user_0535,item_0196,1
user_0536,item_0084,2
user_0536,item_0162,1
user_0536,item_0163,1
user_0537,item_0005,1
user_0538,item_0047,5
user_0538,item_0081,5
user_0538,item_0168,5
user_0538,item_0053,2
user_0538,item_0120,1
user_0538,item_0183,1
user_0539,item_0004,5
user_0539,item_0145,5
user_0539,item_0168,5
user_0539,item_0062,2
user_0539,item_0088,2
user_0539,item_0178,2
user_0539,item_0006,1
user_0539,item_0010,1
user_0539,item_0056,1
user_0539,item_0061,1
user_0539,item_0074,1
user_0539,item_0121,1
user_0540,item_0068,5
user_0540,item_0082,5
user_0540,item_0107,2
user_0540,item_0123,2
user_0540,item_0173,2
user_0540,item_0007,1
user_0540,item_0020,1
user_0540,item_0031,1
user_0540,item_0038,1
user_0540,item_0050,1
user_0540,item_0074,1
user_0540,item_0119,1
user_0540,item_0125,1
user_0540,item_0144,1
user_0540,item_0151,1
user_0540,item_0196,1
user_0540,item_0197,1
user_0541,item_0034,5
user_0541,item_0055,5
user_0541,item_0124,5
user_0541,item_0174,5
user_0541,item_0181,5
user_0541,item_0009,2
user_0541,item_0040,2
user_0541,item_0059,2
user_0541,item_0077,2
user_0541,item_0083,2
user_0541,item_0107,2
user_0541,item_0162,2
user_0541,item_0198,2
user_0541,item_0038,1
user_0541,item_0080,1
user_0541,item_0119,1
user_0541,item_0143,1
user_0541,item_0166,1
user_0541,item_0188,1
user_0541,item_0193,1
user_0541,item_0199,1
user_0542,item_0062,5
user_0542,item_0024,2
user_0542,item_0174,2
user_0542,item_0185,2
user_0542,item_0001,1
user_0542,item_0007,1
user_0542,item_0057,1
user_0542,item_0060,1
user_0542,item_0061,1
user_0542,item_0065,1
user_0542,item_0090,1
user_0542,item_0092,1
user_0542,item_0094,1
user_0542,item_0164,1
user_0543,item_0065,5
user_0543,item_0059,2
user_0543,item_0184,2
user_0543,item_0039,1
user_0543,item_0120,1
user_0543,item_0167,1
user_0543,item_0199,1
user_0544,item_0159,5
user_0544,item_0090,2
user_0544,item_0097,2
user_0544,item_0113,2
user_0544,item_0184,2
user_0544,item_0015,1
user_0544,item_0045,1
user_0544,item_0075,1
user_0544,item_0093,1
user_0544,item_0103,1
user_0544,item_0104,1
user_0544,item_0117,1
user_0544,item_0137,1
user_0544,item_0155,1
user_0544,item_0181,1
user_0544,item_0187,1
user_0544,item_0196,1
user_0545,item_0086,5
user_0545,item_0080,2
user_0545,item_0070,1
user_0546,item_0193,5
user_0546,item_0027,2
user_0546,item_0039,1
user_0546,item_0073,1
user_0546,item_0178,1
user_0547,item_0123,5
user_0547,item_0008,2
user_0547,item_0018,2
user_0547,item_0022,2
user_0547,item_0065,2
user_0547,item_0081,2
user_0547,item_0175,2
user_0547,item_0012,1
user_0547,item_0028,1
user_0547,item_0041,1
user_0547,item_0049,1
user_0547,item_0067,1
user_0547,item_0077,1
user_0547,item_0087,1
user_0547,item_0122,1
user_0547,item_0142,1
user_0547,item_0170,1
user_0547,item_0193,1
user_0548,item_0032,5
user_0548,item_0041,1
user_0548,item_0125,1
user_0549,item_0178,2
user_0549,item_0023,1
user_0549,item_0046,1
user_0549,item_0049,1
user_0549,item_0070,1
user_0549,item_0186,1
user_0550,item_0054,5
user_0550,item_0076,5
user_0550,item_0078,2
user_0550,item_0079,2
user_0550,item_0085,2
user_0550,item_0108,2
user_0550,item_0136,2
user_0550,item_0171,2
user_0550,item_0184,2
user_0550,item_0038,1
user_0550,item_0069,1
user_0551,item_0104,5
user_0551,item_0080,2
user_0551,item_0195,2
user_0551,item_0001,1
user_0551,item_0004,1
user_0551,item_0011,1
user_0551,item_0025,1
user_0551,item_0045,1
user_0551,item_0048,1
user_0551,item_0055,1
user_0551,item_0057,1
user_0551,item_0075,1
user_0551,item_0098,1
user_0551,item_0113,1
user_0551,item_0130,1
user_0551,item_0139,1
user_0551,item_0148,1
user_0551,item_0179,1
user_0551,item_0181,1
user_0551,item_0193,1
user_0551,item_0198,1
user_0552,item_0147,5
user_0552,item_0140,1
user_0553,item_0018,5
user_0553,item_0194,5
user_0553,item_0157,2
user_0553,item_0009,1
user_0553,item_0032,1
user_0553,item_0036,1
user_0553,item_0040,1
user_0553,item_0067,1
user_0553,item_0071,1
user_0553,item_0075,1
user_0553,item_0079,1
user_0553,item_0089,1
user_0553,item_0172,1
user_0554,item_0183,5
user_0554,item_0002,1
user_0554,item_0062,1
user_0554,item_0078,1
user_0554,item_0123,1
user_0554,item_0161,1
user_0554,item_0194,1
user_0555,item_0120,5
user_0555,item_0175,5
user_0555,item_0005,2
user_0555,item_0032,2
user_0555,item_0074,2
user_0555,item_0111,2
user_0555,item_0197,2
user_0555,item_0000,1
user_0555,item_0060,1
user_0555,item_0081,1
user_0555,item_0098,1
user_0555,item_0109,1
user_0555,item_0141,1
user_0555,item_0143,1
user_0555,item_0148,1
user_0555,item_0152,1
user_0555,item_0169,1
user_0555,item_0178,1
user_0555,item_0180,1
user_0555,item_0188,1
user_0555,item_0198,1
user_0556,item_0185,5
user_0556,item_0046,2
user_0556,item_0097,2
user_0556,item_0143,2
user_0556,item_0005,1
user_0556,item_0012,1
user_0556,item_0030,1
user_0556,item_0034,1
user_0556,item_0042,1
user_0556,item_0075,1
user_0556,item_0114,1
user_0556,item_0136,1
user_0556,item_0140,1
user_0556,item_0149,1
user_0556,item_0169,1
user_0556,item_0170,1
user_0557,item_0061,5
user_0557,item_0114,2
user_0557,item_0122,2
user_0557,item_0107,1
user_0557,item_0141,1
user_0557,item_0185,1
user_0557,item_0193,1
user_0558,item_0107,2
user_0558,item_0174,2
user_0558,item_0029,1
user_0558,item_0054,1
user_0558,item_0061,1
user_0558,item_0094,1
user_0558,item_0096,1
user_0558,item_0128,1
user_0558,item_0169,1
user_0558,item_0173,1
user_0558,item_0182,1
user_0558,item_0199,1
user_0559,item_0109,5
user_0559,item_0125,2
user_0559,item_0146,2
user_0559,item_0151,2
user_0559,item_0028,1
user_0559,item_0157,1
user_0560,item_0028,5
user_0560,item_0074,5
user_0560,item_0181,5
user_0560,item_0025,2
user_0560,item_0130,2
user_0560,item_0003,1
user_0560,item_0010,1
user_0560,item_0146,1
user_0560,item_0153,1
user_0560,item_0158,1
user_0561,item_0004,5
user_0561,item_0132,5
user_0561,item_0133,5
user_0561,item_0154,5
user_0561,item_0184,5
user_0561,item_0044,2
user_0561,item_0100,2
user_0561,item_0104,2
user_0561,item_0197,2
user_0561,item_0014,1
user_0561,item_0017,1
user_0561,item_0037,1
user_0561,item_0062,1
user_0561,item_0066,1
user_0561,item_0082,1
user_0561,item_0097,1
user_0561,item_0115,1
user_0561,item_0123,1
user_0561,item_0125,1
user_0561,item_0175,1
user_0562,item_0000,2
user_0562,item_0004,1
user_0562,item_0028,1
user_0562,item_0030,1
user_0562,item_0034,1
user_0562,item_0068,1
user_0562,item_0080,1
user_0562,item_0091,1
user_0562,item_0148,1
user_0563,item_0010,5
user_0563,item_0085,5
user_0563,item_0093,2
user_0563,item_0161,2
user_0563,item_0025,1
user_0563,item_0052,1
user_0563,item_0118,1
user_0563,item_0194,1
user_0564,item_0024,5
user_0564,item_0098,5
user_0564,item_0003,2
user_0564,item_0030,2
user_0564,item_0083,2
user_0564,item_0109,2
user_0564,item_0173,2
user_0564,item_0080,1
user_0564,item_0091,1
user_0564,item_0132,1
user_0564,item_0167,1
user_0564,item_0187,1
user_0565,item_0115,5
user_0565,item_0085,2
user_0565,item_0039,1
user_0565,item_0059,1
user_0565,item_0075,1
user_0566,item_0006,2
user_0566,item_0012,2
user_0566,item_0044,2
user_0566,item_0137,2
user_0566,item_0010,1
user_0566,item_0034,1
user_0566,item_0045,1
user_0566,item_0051,1
user_0566,item_0056,1
user_0566,item_0069,1
user_0566,item_0075,1
user_0566,item_0096,1
user_0566,item_0112,1
user_0566,item_0143,1
user_0566,item_0146,1
user_0566,item_0160,1
user_0566,item_0179,1
user_0566,item_0190,1
user_0567,item_0059,5
user_0567,item_0030,2
user_0567,item_0137,2
user_0567,item_0151,2
user_0567,item_0159,2
user_0567,item_0017,1
user_0567,item_0024,1
user_0567,item_0027,1
user_0567,item_0044,1
user_0567,item_0057,1
user_0567,item_0070,1
user_0567,item_0081,1
user_0567,item_0085,1
user_0567,item_0093,1
user_0567,item_0101,1
user_0567,item_0104,1
user_0567,item_0111,1
user_0567,item_0141,1
user_0567,item_0145,1
user_0567,item_0155,1
user_0567,item_0164,1
user_0567,item_0196,1
user_0568,item_0093,5
user_0568,item_0178,5
user_0568,item_0039,2
user_0568,item_0070,2
user_0568,item_0137,2
user_0568,item_0003,1
user_0568,item_0053,1
user_0568,item_0078,1
user_0568,item_0112,1
user_0568,item_0146,1
user_0568,item_0182,1
user_0569,item_0120,5
user_0569,item_0132,5
user_0569,item_0019,2
user_0569,item_0020,2
user_0569,item_0087,2
user_0569,item_0100,2
user_0569,item_0101,2
user_0569,item_0148,2
user_0569,item_0150,2
user_0569,item_0031,1
user_0569,item_0042,1
user_0569,item_0078,1
user_0569,item_0142,1
user_0569,item_0155,1
user_0569,item_0189,1
user_0569,item_0195,1
user_0569,item_0197,1
user_0569,item_0198,1
user_0570,item_0152,5
user_0570,item_0163,5
user_0570,item_0078,2
user_0570,item_0147,2
user_0570,item_0049,1
user_0570,item_0073,1
user_0570,item_0077,1
user_0570,item_0098,1
user_0570,item_0100,1
user_0570,item_0115,1
user_0570,item_0121,1
user_0570,item_0126,1
user_0570,item_0132,1
user_0570,item_0133,1
user_0570,item_0139,1
user_0570,item_0140,1
user_0570,item_0172,1
user_0571,item_0158,2
user_0571,item_0199,2
user_0571,item_0033,1
user_0571,item_0046,1
user_0571,item_0060,1
user_0571,item_0068,1
user_0571,item_0095,1
user_0571,item_0096,1
user_0571,item_0097,1
user_0571,item_0104,1
user_0571,item_0109,1
user_0571,item_0196,1
user_0572,item_0019,2
user_0572,item_0032,2
user_0572,item_0082,2
user_0572,item_0196,2
user_0572,item_0026,1
user_0572,item_0027,1
user_0572,item_0091,1
user_0572,item_0119,1
user_0572,item_0175,1
user_0572,item_0176,1
user_0572,item_0179,1
user_0572,item_0192,1
user_0573,item_0093,1
user_0573,item_0119,1
user_0573,item_0128,1
user_0574,item_0075,5
user_0574,item_0111,5
user_0574,item_0057,2
user_0574,item_0060,2
user_0574,item_0085,2
user_0574,item_0143,2
user_0574,item_0161,2
user_0574,item_0181,2
user_0574,item_0187,2
user_0574,item_0015,1
user_0574,item_0052,1
user_0574,item_0054,1
user_0574,item_0058,1
user_0574,item_0063,1
user_0574,item_0064,1
user_0574,item_0067,1
user_0574,item_0121,1
user_0574,item_0140,1
user_0574,item_0146,1
user_0574,item_0147,1
user_0574,item_0150,1
user_0574,item_0151,1
user_0574,item_0155,1
user_0575,item_0033,5
user_0575,item_0082,5
user_0575,item_0014,2
user_0575,item_0080,2
user_0575,item_0151,2
user_0575,item_0195,2
user_0575,item_0053,1
user_0575,item_0057,1
user_0575,item_0079,1
user_0575,item_0116,1
user_0576,item_0015,5
user_0576,item_0051,5
user_0576,item_0079,5
user_0576,item_0100,5
user_0576,item_0155,5
user_0576,item_0028,2
user_0576,item_0127,2
user_0576,item_0001,1
user_0576,item_0068,1
user_0576,item_0179,1
user_0577,item_0013,5
user_0577,item_0076,5
user_0577,item_0107,5
user_0577,item_0008,2
user_0577,item_0122,2
user_0577,item_0147,2
user_0577,item_0002,1
user_0577,item_0006,1
user_0577,item_0009,1
user_0577,item_0039,1
user_0577,item_0054,1
user_0577,item_0077,1
user_0577,item_0091,1
user_0577,item_0097,1
user_0577,item_0103,1
user_0577,item_0144,1
user_0577,item_0154,1
user_0577,item_0167,1
user_0577,item_0195,1
user_0577,item_0199,1
user_0578,item_0132,5
user_0578,item_0163,5
user_0578,item_0003,2
user_0578,item_0033,2
user_0578,item_0138,2
user_0578,item_0183,2
user_0578,item_0030,1
user_0578,item_0052,1
user_0578,item_0054,1
user_0578,item_0069,1
user_0578,item_0076,1
user_0578,item_0077,1
user_0578,item_0097,1
user_0578,item_0106,1
user_0578,item_0120,1
user_0578,item_0127,1
user_0578,item_0160,1
user_0578,item_0193,1
user_0579,item_0087,5
user_0579,item_0129,2
user_0579,item_0152,2
user_0579,item_0012,1
user_0579,item_0035,1
user_0579,item_0048,1
user_0579,item_0051,1
user_0579,item_0054,1
user_0579,item_0071,1
user_0579,item_0075,1
user_0579,item_0105,1
user_0579,item_0138,1
user_0579,item_0193,1
user_0580,item_0023,5
user_0580,item_0163,5
user_0580,item_0030,2
user_0580,item_0082,2
user_0580,item_0137,2
user_0580,item_0154,2
user_0580,item_0198,2
user_0580,item_0005,1
user_0580,item_0042,1
user_0580,item_0049,1
user_0580,item_0069,1
user_0580,item_0105,1
user_0580,item_0110,1
user_0580,item_0120,1
user_0580,item_0173,1
user_0580,item_0177,1
user_0581,item_0073,5
user_0581,item_0082,5
user_0581,item_0091,5
user_0581,item_0103,5
user_0581,item_0028,2
user_0581,item_0140,2
user_0581,item_0185,2
user_0581,item_0195,2
user_0581,item_0012,1
user_0581,item_0022,1
user_0581,item_0027,1
user_0581,item_0039,1
user_0581,item_0056,1
user_0581,item_0061,1
user_0581,item_0067,1
user_0581,item_0084,1
user_0581,item_0092,1
user_0581,item_0101,1
user_0581,item_0124,1
user_0581,item_0146,1
user_0581,item_0149,1
user_0581,item_0175,1
user_0581,item_0197,1
user_0581,item_0198,1
user_0582,item_0106,5
user_0582,item_0123,5
user_0582,item_0070,2
user_0582,item_0089,2
user_0582,item_0119,2
user_0582,item_0152,2
user_0582,item_0197,2
user_0582,item_0002,1
user_0582,item_0026,1
user_0582,item_0045,1
user_0582,item_0060,1
user_0582,item_0074,1
user_0582,item_0094,1
user_0582,item_0147,1
user_0582,item_0168,1
user_0582,item_0184,1
user_0583,item_0086,5
user_0583,item_0114,2
user_0584,item_0035,5
user_0584,item_0108,5
user_0584,item_0001,2
user_0584,item_0053,1
user_0584,item_0153,1
user_0585,item_0081,5
user_0585,item_0033,2
user_0585,item_0144,2
user_0585,item_0040,1
user_0585,item_0062,1
user_0585,item_0114,1
user_0585,item_0160,1
user_0585,item_0171,1
user_0586,item_0113,5
user_0586,item_0155,5
user_0586,item_0009,2
user_0586,item_0039,2
user_0586,item_0042,2
user_0586,item_0026,1
user_0586,item_0068,1
user_0586,item_0104,1
user_0586,item_0135,1
user_0586,item_0142,1
user_0586,item_0143,1
user_0586,item_0165,1
user_0586,item_0192,1
user_0587,item_0167,5
user_0587,item_0168,5
user_0587,item_0177,5
user_0587,item_0033,2
user_0587,item_0054,2
user_0587,item_0065,2
user_0587,item_0095,2
user_0587,item_0103,2
user_0587,item_0170,2
user_0587,item_0184,2
user_0587,item_0012,1
user_0587,item_0070,1
user_0587,item_0074,1
user_0587,item_0078,1
user_0587,item_0104,1
user_0587,item_0127,1
user_0587,item_0128,1
user_0587,item_0158,1
user_0587,item_0175,1
user_0587,item_0196,1
user_0588,item_0017,5
user_0588,item_0041,5
user_0588,item_0182,5
user_0588,item_0118,2
user_0588,item_0165,2
user_0588,item_0173,2
user_0588,item_0197,2
user_0588,item_0006,1
user_0588,item_0009,1
user_0588,item_0033,1
user_0588,item_0054,1
user_0588,item_0072,1
user_0588,item_0090,1
user_0588,item_0109,1
user_0588,item_0129,1
user_0588,item_0130,1
user_0588,item_0132,1
user_0588,item_0145,1
user_0588,item_0152,1
user_0588,item_0166,1
user_0588,item_0171,1
user_0588,item_0172,1
user_0588,item_0178,1
user_0588,item_0190,1
user_0588,item_0192,1
user_0588,item_0193,1
user_0589,item_0113,2
user_0589,item_0170,2
user_0589,item_0007,1
user_0589,item_0023,1
user_0589,item_0041,1
user_0589,item_0145,1
user_0590,item_0036,5
user_0590,item_0038,5
user_0590,item_0014,2
user_0590,item_0023,2
user_0590,item_0165,2
user_0590,item_0021,1
user_0590,item_0048,1
user_0590,item_0051,1
user_0590,item_0059,1
user_0590,item_0060,1
user_0590,item_0061,1
user_0590,item_0076,1
user_0590,item_0079,1
user_0590,item_0082,1
user_0590,item_0100,1
user_0590,item_0126,1
user_0590,item_0148,1
user_0590,item_0151,1
user_0590,item_0152,1
user_0590,item_0157,1
user_0590,item_0164,1
user_0591,item_0034,5
user_0591,item_0039,5
user_0591,item_0065,5
user_0591,item_0167,5
user_0591,item_0001,2
user_0591,item_0026,2
user_0591,item_0035,2
user_0591,item_0080,2
user_0591,item_0089,2
user_0591,item_0112,2
user_0591,item_0019,1
user_0591,item_0038,1
user_0591,item_0060,1
user_0591,item_0108,1
user_0591,item_0122,1
user_0591,item_0128,1
user_0591,item_0151,1
user_0591,item_0174,1
user_0591,item_0189,1
user_0591,item_0199,1
user_0592,item_0071,1
user_0593,item_0032,5
user_0593,item_0072,5
user_0593,item_0101,5
user_0593,item_0147,5
user_0593,item_0172,5
user_0593,item_0134,2
user_0593,item_0161,2
user_0593,item_0165,2
user_0593,item_0193,2
user_0593,item_0044,1
user_0593,item_0053,1
user_0593,item_0076,1
user_0593,item_0084,1
user_0593,item_0118,1
user_0593,item_0158,1
user_0593,item_0184,1
user_0593,item_0185,1
user_0593,item_0190,1
user_0593,item_0196,1
user_0593,item_0199,1
user_0594,item_0123,1
user_0594,item_0161,1
user_0594,item_0162,1
user_0594,item_0197,1
user_0595,item_0046,5
user_0595,item_0085,5
user_0595,item_0173,5
user_0595,item_0076,2
user_0595,item_0086,2
user_0595,item_0164,2
user_0595,item_0187,2
user_0595,item_0012,1
user_0595,item_0022,1
user_0595,item_0033,1
user_0595,item_0034,1
user_0595,item_0043,1
user_0595,item_0047,1
user_0595,item_0050,1
user_0595,item_0053,1
user_0595,item_0081,1
user_0595,item_0103,1
user_0595,item_0114,1
user_0595,item_0133,1
user_0595,item_0136,1
user_0595,item_0137,1
user_0595,item_0147,1
user_0595,item_0170,1
user_0595,item_0184,1
user_0595,item_0193,1
user_0596,item_0057,5
user_0596,item_0098,5
user_0596,item_0101,5
user_0596,item_0155,5
user_0596,item_0036,2
user_0596,item_0052,2
user_0596,item_0085,2
user_0596,item_0092,2
user_0596,item_0180,2
user_0596,item_0011,1
user_0596,item_0043,1
user_0596,item_0064,1
user_0596,item_0065,1
user_0596,item_0111,1
user_0596,item_0126,1
user_0596,item_0183,1
user_0596,item_0194,1
user_0597,item_0021,5
user_0597,item_0127,5
user_0597,item_0145,2
user_0597,item_0007,1
user_0597,item_0054,1
user_0597,item_0068,1
user_0597,item_0079,1
user_0597,item_0080,1
user_0597,item_0158,1
user_0597,item_0190,1
user_0598,item_0104,5
user_0598,item_0114,5
user_0598,item_0183,5
user_0598,item_0098,2
user_0598,item_0009,1
user_0598,item_0015,1
user_0598,item_0026,1
user_0598,item_0029,1
user_0598,item_0031,1
user_0598,item_0078,1
user_0598,item_0092,1
user_0598,item_0155,1
user_0598,item_0161,1
user_0598,item_0186,1
user_0599,item_0009,2
user_0599,item_0072,2
user_0599,item_0082,2
user_0599,item_0006,1
user_0599,item_0061,1
user_0599,item_0168,1
user_0599,item_0183,1
user_0600,item_0061,2
user_0600,item_0029,1
user_0600,item_0059,1
user_0600,item_0136,1
user_0600,item_0150,1
user_0601,item_0018,2
user_0601,item_0146,2
user_0601,item_0156,2
user_0601,item_0171,2
user_0601,item_0003,1
user_0601,item_0041,1
user_0601,item_0070,1
user_0601,item_0078,1
user_0601,item_0089,1
user_0601,item_0104,1
user_0601,item_0131,1
user_0601,item_0148,1
user_0601,item_0160,1
user_0601,item_0163,1
user_0601,item_0188,1
user_0601,item_0199,1
user_0602,item_0130,5
user_0602,item_0083,2
user_0602,item_0085,2
user_0602,item_0094,2
user_0602,item_0103,2
user_0602,item_0120,2
user_0602,item_0034,1
user_0602,item_0051,1
user_0602,item_0056,1
user_0602,item_0153,1
user_0603,item_0184,5
user_0603,item_0061,1
user_0603,item_0120,1
user_0603,item_0188,1
user_0604,item_0138,1
user_0605,item_0113,5
user_0605,item_0115,2
user_0605,item_0171,2
user_0605,item_0185,2
user_0605,item_0186,2
user_0605,item_0188,2
user_0605,item_0073,1
user_0605,item_0074,1
user_0605,item_0176,1
user_0605,item_0180,1
user_0606,item_0107,5
user_0606,item_0166,5
user_0606,item_0026,1
user_0606,item_0040,1
user_0606,item_0068,1
user_0606,item_0108,1
user_0606,item_0116,1
user_0606,item_0126,1
user_0606,item_0150,1
user_0607,item_0030,5
user_0607,item_0085,5
user_0607,item_0092,5
user_0607,item_0116,5
user_0607,item_0044,2
user_0607,item_0130,2
user_0607,item_0155,2
user_0607,item_0192,2
user_0607,item_0002,1
user_0607,item_0033,1
user_0607,item_0051,1
user_0607,item_0094,1
user_0607,item_0095,1
user_0607,item_0133,1
user_0607,item_0150,1
user_0607,item_0159,1
user_0607,item_0165,1
user_0607,item_0195,1
user_0608,item_0034,1
user_0608,item_0071,1
user_0609,item_0118,5
user_0609,item_0027,2
user_0609,item_0092,2
user_0609,item_0169,2
user_0609,item_0185,2
user_0609,item_0111,1
user_0609,item_0122,1
user_0609,item_0131,1
user_0609,item_0133,1
user_0609,item_0152,1
user_0609,item_0177,1
user_0609,item_0198,1
user_0610,item_0157,2
user_0610,item_0178,2
user_0610,item_0188,2
user_0610,item_0024,1
user_0610,item_0030,1
user_0610,item_0031,1
user_0610,item_0053,1
user_0610,item_0061,1
user_0610,item_0062,1
user_0610,item_0073,1
user_0610,item_0100,1
user_0610,item_0110,1
user_0610,item_0124,1
user_0610,item_0150,1
user_0610,item_0161,1
user_0610,item_0165,1
user_0610,item_0199,1
user_0611,item_0103,5
user_0611,item_0013,2
user_0611,item_0043,2
user_0611,item_0044,1
user_0611,item_0054,1
user_0611,item_0056,1
user_0611,item_0077,1
user_0611,item_0178,1
user_0612,item_0041,5
user_0612,item_0181,5
user_0612,item_0025,2
user_0612,item_0089,2
user_0612,item_0121,2
user_0612,item_0160,2
user_0612,item_0190,2
user_0612,item_0010,1
user_0612,item_0032,1
user_0612,item_0106,1
user_0612,item_0127,1
user_0612,item_0136,1
user_0612,item_0197,1
user_0613,item_0100,5
user_0613,item_0129,5
user_0613,item_0135,5
user_0613,item_0051,2
user_0613,item_0125,2
user_0613,item_0160,2
user_0613,item_0044,1
user_0613,item_0060,1
user_0613,item_0072,1
user_0613,item_0074,1
user_0613,item_0077,1
user_0613,item_0083,1
user_0613,item_0092,1
user_0613,item_0094,1
user_0613,item_0126,1
user_0613,item_0145,1
user_0613,item_0156,1
user_0613,item_0171,1
user_0614,item_0170,5
user_0614,item_0091,2
user_0614,item_0126,2
user_0614,item_0010,1
user_0614,item_0035,1
user_0614,item_0044,1
user_0614,item_0062,1
user_0614,item_0067,1
user_0614,item_0166,1
user_0615,item_0025,2
user_0615,item_0093,2
user_0615,item_0073,1
user_0615,item_0101,1
user_0615,item_0122,1
user_0615,item_0145,1
user_0616,item_0023,5
user_0616,item_0131,5
user_0616,item_0155,5
user_0616,item_0159,5
user_0616,item_0015,2
user_0616,item_0092,2
user_0616,item_0129,2
user_0616,item_0146,2
user_0616,item_0006,1
user_0616,item_0009,1
user_0616,item_0013,1
user_0616,item_0014,1
user_0616,item_0035,1
user_0616,item_0053,1
user_0616,item_0120,1
user_0616,item_0127,1
user_0616,item_0136,1
user_0616,item_0149,1
user_0616,item_0160,1
user_0616,item_0182,1
user_0617,item_0135,5
user_0617,item_0007,2
user_0617,item_0102,2
user_0617,item_0111,2
user_0618,item_0049,2
user_0618,item_0155,2
user_0618,item_0115,1
user_0618,item_0134,1
user_0618,item_0149,1
user_0619,item_0075,1
user_0619,item_0129,1
user_0620,item_0007,2
user_0620,item_0008,2
user_0620,item_0072,2
user_0620,item_0001,1
user_0620,item_0063,1
user_0620,item_0083,1
user_0621,item_0012,5
user_0621,item_0015,5
user_0621,item_0116,5
user_0621,item_0004,2
user_0621,item_0094,2
user_0621,item_0129,2
user_0621,item_0188,2
user_0621,item_0198,2
user_0621,item_0023,1
user_0621,item_0026,1
user_0621,item_0033,1
user_0621,item_0075,1
user_0621,item_0111,1
user_0621,item_0145,1
user_0621,item_0146,1
user_0622,item_0078,2
user_0622,item_0128,2
user_0622,item_0035,1
user_0623,item_0075,5
user_0623,item_0093,5
user_0623,item_0160,5
user_0623,item_0059,2
user_0623,item_0068,2
user_0623,item_0175,2
user_0623,item_0005,1
user_0623,item_0010,1
user_0623,item_0016,1
user_0623,item_0080,1
user_0623,item_0132,1
user_0623,item_0138,1
user_0623,item_0143,1
user_0623,item_0152,1
user_0623,item_0183,1
user_0624,item_0101,5
user_0624,item_0004,2
user_0624,item_0181,2
user_0624,item_0050,1
user_0625,item_0107,5
user_0625,item_0001,2
user_0625,item_0020,2
user_0625,item_0080,2
user_0625,item_0109,2
user_0625,item_0106,1
user_0625,item_0188,1
user_0625,item_0195,1
user_0626,item_0138,5
user_0626,item_0168,5
user_0626,item_0045,2
user_0626,item_0087,2
user_0626,item_0167,2
user_0626,item_0025,1
user_0626,item_0074,1
user_0626,item_0131,1
user_0626,item_0146,1
user_0626,item_0185,1
user_0626,item_0192,1
user_0627,item_0017,2
user_0627,item_0028,2
user_0627,item_0043,2
user_0627,item_0008,1
user_0627,item_0057,1
user_0627,item_0103,1
user_0627,item_0121,1
user_0627,item_0133,1
user_0627,item_0149,1
user_0627,item_0170,1
user_0627,item_0176,1
user_0627,item_0197,1
user_0628,item_0055,5
user_0628,item_0084,5
user_0628,item_0107,5
user_0628,item_0074,1
user_0628,item_0093,1
user_0628,item_0097,1
user_0628,item_0125,1
user_0628,item_0167,1
user_0628,item_0171,1
user_0628,item_0189,1
user_0629,item_0141,2
user_0629,item_0158,2
user_0629,item_0098,1
user_0629,item_0121,1
user_0629,item_0147,1
user_0629,item_0177,1
user_0629,item_0191,1
user_0629,item_0195,1
user_0630,item_0043,2
user_0630,item_0027,1
user_0630,item_0052,1
user_0630,item_0148,1
user_0630,item_0167,1
user_0630,item_0189,1
user_0630,item_0194,1
user_0631,item_0131,5
user_0631,item_0185,2
user_0631,item_0139,1
user_0631,item_0169,1
user_0631,item_0174,1
user_0631,item_0192,1
user_0632,item_0112,5
user_0632,item_0172,5
user_0632,item_0021,2
user_0632,item_0075,2
user_0632,item_0096,2
user_0632,item_0116,2
user_0632,item_0007,1
user_0632,item_0013,1
user_0632,item_0023,1
user_0632,item_0088,1
user_0632,item_0089,1
user_0632,item_0102,1
user_0632,item_0118,1
user_0632,item_0129,1
user_0632,item_0140,1
user_0632,item_0188,1
user_0632,item_0191,1
user_0633,item_0044,2
user_0633,item_0020,1
user_0633,item_0049,1
user_0633,item_0068,1
user_0633,item_0132,1
user_0634,item_0147,5
user_0634,item_0115,2
user_0634,item_0165,2
user_0634,item_0014,1
user_0634,item_0040,1
user_0634,item_0043,1
user_0634,item_0073,1
user_0634,item_0099,1
user_0634,item_0109,1
user_0634,item_0118,1
user_0634,item_0128,1
user_0634,item_0146,1
user_0634,item_0161,1
user_0635,item_0045,5
user_0635,item_0103,5
user_0635,item_0025,2
user_0635,item_0080,2
user_0635,item_0157,2
user_0635,item_0189,2
user_0635,item_0192,2
user_0635,item_0038,1
user_0635,item_0079,1
user_0635,item_0089,1
user_0635,item_0091,1
user_0635,item_0111,1
user_0635,item_0158,1
user_0635,item_0165,1
user_0635,item_0181,1
user_0636,item_0067,2
user_0636,item_0097,2
user_0636,item_0016,1
user_0636,item_0029,1
user_0636,item_0157,1
user_0636,item_0198,1
user_0637,item_0107,5
user_0637,item_0063,1
user_0637,item_0079,1
user_0637,item_0105,1
user_0637,item_0115,1
user_0637,item_0120,1
user_0638,item_0024,5
user_0638,item_0049,5
user_0638,item_0059,5
user_0638,item_0157,5
user_0638,item_0040,2
user_0638,item_0130,2
user_0638,item_0180,2
user_0638,item_0026,1
user_0638,item_0060,1
user_0638,item_0067,1
user_0638,item_0109,1
user_0638,item_0112,1
user_0638,item_0113,1
user_0638,item_0178,1
user_0638,item_0188,1
user_0638,item_0193,1
user_0639,item_0026,5
user_0639,item_0008,2
user_0639,item_0043,2
user_0639,item_0085,2
user_0639,item_0149,2
user_0639,item_0003,1
user_0639,item_0040,1
user_0639,item_0064,1
user_0639,item_0088,1
user_0639,item_0103,1
user_0639,item_0119,1
user_0639,item_0177,1
user_0640,item_0187,5
user_0640,item_0020,1
user_0640,item_0046,1
user_0640,item_0057,1
user_0640,item_0123,1
user_0640,item_0131,1
user_0640,item_0147,1
user_0640,item_0157,1
user_0640,item_0171,1
user_0641,item_0016,5
user_0641,item_0000,2
user_0641,item_0045,2
user_0641,item_0165,2
user_0641,item_0187,2
user_0641,item_0007,1
user_0641,item_0013,1
user_0641,item_0070,1
user_0641,item_0072,1
user_0641,item_0111,1
user_0642,item_0008,5
user_0642,item_0191,5
user_0642,item_0093,2
user_0642,item_0160,2
user_0642,item_0177,2
user_0642,item_0020,1
user_0642,item_0027,1
user_0642,item_0036,1
user_0642,item_0038,1
user_0642,item_0066,1
user_0642,item_0069,1
user_0642,item_0087,1
user_0642,item_0125,1
user_0642,item_0126,1
user_0642,item_0136,1
user_0642,item_0142,1
user_0642,item_0147,1
user_0642,item_0157,1
user_0642,item_0167,1
user_0642,item_0171,1
user_0642,item_0189,1
user_0643,item_0009,5
user_0643,item_0029,1
user_0643,item_0082,1
user_0643,item_0115,1
user_0643,item_0187,1
user_0644,item_0076,5
user_0644,item_0132,2
user_0644,item_0176,2
user_0644,item_0189,2
user_0644,item_0011,1
user_0644,item_0021,1
user_0644,item_0033,1
user_0644,item_0037,1
user_0644,item_0047,1
user_0644,item_0048,1
user_0644,item_0067,1
user_0644,item_0098,1
user_0644,item_0123,1
user_0644,item_0124,1
user_0644,item_0128,1
user_0644,item_0129,1
user_0644,item_0139,1
user_0644,item_0153,1
user_0644,item_0165,1
user_0644,item_0177,1
user_0644,item_0191,1
user_0644,item_0196,1
user_0645,item_0103,2
user_0645,item_0164,2
user_0645,item_0070,1
user_0645,item_0085,1
user_0645,item_0122,1
user_0645,item_0140,1
user_0645,item_0158,1
user_0645,item_0176,1
user_0646,item_0090,5
user_0646,item_0198,5
user_0646,item_0050,2
user_0646,item_0077,2
user_0646,item_0149,2
user_0646,item_0193,2
user_0646,item_0051,1
user_0646,item_0057,1
user_0646,item_0066,1
user_0646,item_0072,1
user_0646,item_0103,1
user_0646,item_0146,1
user_0646,item_0159,1
user_0646,item_0184,1
user_0647,item_0065,2
user_0647,item_0172,2
user_0647,item_0006,1
user_0647,item_0026,1
user_0647,item_0033,1
user_0647,item_0066,1
user_0647,item_0069,1
user_0647,item_0087,1
user_0647,item_0105,1
user_0647,item_0137,1
user_0647,item_0144,1
user_0647,item_0159,1
user_0647,item_0187,1
user_0647,item_0194,1
user_0648,item_0072,5
user_0648,item_0153,5
user_0648,item_0055,2
user_0648,item_0068,2
user_0648,item_0105,2
user_0648,item_0139,2
user_0648,item_0155,2
user_0648,item_0182,2
user_0648,item_0031,1
user_0648,item_0046,1
user_0648,item_0065,1
user_0648,item_0066,1
user_0648,item_0079,1
user_0648,item_0102,1
user_0648,item_0107,1
user_0648,item_0148,1
user_0648,item_0162,1
user_0648,item_0176,1
user_0648,item_0186,1
user_0648,item_0194,1
user_0648,item_0199,1
user_0649,item_0050,2
user_0649,item_0055,2
user_0649,item_0070,2
user_0649,item_0081,2
user_0649,item_0016,1
user_0649,item_0020,1
user_0649,item_0030,1
user_0649,item_0078,1
user_0649,item_0156,1
user_0649,item_0164,1
user_0649,item_0168,1
user_0649,item_0186,1
user_0649,item_0194,1
user_0649,item_0199,1
user_0650,item_0026,5
user_0650,item_0074,2
user_0650,item_0088,2
user_0650,item_0172,2
user_0650,item_0005,1
user_0650,item_0077,1
user_0650,item_0085,1
user_0650,item_0111,1
user_0650,item_0114,1
user_0650,item_0151,1
user_0650,item_0155,1
user_0650,item_0160,1
user_0650,item_0162,1
user_0650,item_0180,1
user_0650,item_0183,1
user_0650,item_0186,1
user_0650,item_0190,1
user_0651,item_0153,5
user_0651,item_0163,5
user_0651,item_0036,2
user_0651,item_0152,2
user_0651,item_0164,2
user_0651,item_0181,2
user_0651,item_0186,2
user_0651,item_0000,1
user_0651,item_0006,1
user_0651,item_0007,1
user_0651,item_0013,1
user_0651,item_0021,1
user_0651,item_0022,1
user_0651,item_0035,1
user_0651,item_0038,1
user_0651,item_0110,1
user_0651,item_0122,1
user_0651,item_0137,1
user_0651,item_0143,1
user_0651,item_0149,1
user_0651,item_0159,1
user_0652,item_0080,5
user_0652,item_0143,5
user_0652,item_0109,2
user_0652,item_0181,2
user_0652,item_0189,2
user_0652,item_0192,2
user_0652,item_0198,2
user_0652,item_0076,1
user_0652,item_0139,1
user_0652,item_0142,1
user_0652,item_0146,1
user_0652,item_0157,1
user_0653,item_0003,5
user_0653,item_0039,5
user_0653,item_0076,5
user_0653,item_0185,5
user_0653,item_0143,2
user_0653,item_0179,2
user_0653,item_0187,2
user_0653,item_0024,1
user_0653,item_0029,1
user_0653,item_0030,1
user_0653,item_0033,1
user_0653,item_0051,1
user_0653,item_0052,1
user_0653,item_0064,1
user_0653,item_0096,1
user_0653,item_0104,1
user_0653,item_0114,1
user_0653,item_0160,1
user_0653,item_0163,1
user_0653,item_0176,1
user_0653,item_0180,1
user_0653,item_0181,1
user_0653,item_0189,1
user_0653,item_0191,1
user_0654,item_0097,5
user_0654,item_0106,5
user_0654,item_0184,5
user_0654,item_0080,2
user_0654,item_0026,1
user_0654,item_0085,1
user_0654,item_0124,1
user_0654,item_0138,1
user_0654,item_0140,1
user_0655,item_0071,5
user_0655,item_0037,2
user_0655,item_0092,2
user_0655,item_0098,2
user_0655,item_0138,2
user_0655,item_0155,2
user_0655,item_0167,2
user_0655,item_0004,1
user_0655,item_0012,1
user_0655,item_0016,1
user_0655,item_0053,1
user_0655,item_0068,1
user_0655,item_0078,1
user_0655,item_0090,1
user_0655,item_0091,1
user_0655,item_0119,1
user_0655,item_0134,1
user_0655,item_0149,1
user_0655,item_0177,1
user_0655,item_0182,1
user_0655,item_0185,1
user_0655,item_0199,1
user_0656,item_0075,5
user_0656,item_0015,2
user_0656,item_0067,2
user_0656,item_0141,2
user_0656,item_0168,2
user_0656,item_0188,2
user_0656,item_0010,1
user_0656,item_0016,1
user_0656,item_0022,1
user_0656,item_0120,1
user_0656,item_0125,1
user_0656,item_0174,1
user_0656,item_0187,1
user_0656,item_0191,1
user_0657,item_0058,2
user_0657,item_0012,1
user_0657,item_0018,1
user_0657,item_0031,1
user_0657,item_0036,1
user_0657,item_0037,1
user_0657,item_0044,1
user_0657,item_0056,1
user_0657,item_0063,1
user_0657,item_0094,1
user_0657,item_0130,1
user_0657,item_0142,1
user_0657,item_0143,1
user_0657,item_0146,1
user_0657,item_0163,1
user_0657,item_0178,1
user_0657,item_0183,1
user_0658,item_0008,5
user_0658,item_0068,5
user_0658,item_0166,5
user_0658,item_0179,5
user_0658,item_0021,2
user_0658,item_0034,2
user_0658,item_0073,2
user_0658,item_0096,2
user_0658,item_0103,2
user_0658,item_0113,2
user_0658,item_0143,2
user_0658,item_0025,1
user_0658,item_0033,1
user_0658,item_0045,1
user_0658,item_0046,1
user_0658,item_0078,1
user_0658,item_0092,1
user_0658,item_0121,1
user_0658,item_0152,1
user_0658,item_0177,1
user_0658,item_0178,1
user_0658,item_0184,1
user_0659,item_0136,2
user_0659,item_0056,1
user_0659,item_0127,1
user_0660,item_0182,5
user_0660,item_0136,1
user_0661,item_0035,5
user_0661,item_0152,2
user_0661,item_0168,1
user_0661,item_0172,1
user_0662,item_0065,2
user_0662,item_0108,2
user_0662,item_0167,2
user_0662,item_0195,2
user_0662,item_0026,1
user_0662,item_0028,1
user_0662,item_0046,1
user_0662,item_0068,1
user_0662,item_0082,1
user_0662,item_0100,1
user_0662,item_0119,1
user_0662,item_0133,1
user_0662,item_0143,1
user_0663,item_0043,1
user_0663,item_0076,1
user_0663,item_0113,1
user_0663,item_0179,1
user_0663,item_0197,1
user_0664,item_0061,5
user_0664,item_0104,5
user_0664,item_0121,5
user_0664,item_0123,5
user_0664,item_0143,5
user_0664,item_0183,5
user_0664,item_0022,2
user_0664,item_0063,2
user_0664,item_0018,1
user_0664,item_0047,1
user_0664,item_0049,1
user_0664,item_0057,1
user_0664,item_0065,1
user_0664,item_0066,1
user_0664,item_0074,1
user_0664,item_0094,1
user_0664,item_0102,1
user_0664,item_0159,1
user_0664,item_0161,1
user_0664,item_0163,1
user_0664,item_0178,1
user_0665,item_0144,2
user_0665,item_0162,1
user_0666,item_0093,5
user_0666,item_0050,2
user_0666,item_0171,2
user_0666,item_0035,1
user_0666,item_0061,1
user_0666,item_0089,1
user_0666,item_0104,1
user_0666,item_0118,1
user_0666,item_0125,1
user_0666,item_0135,1
user_0666,item_0183,1
user_0666,item_0194,1
user_0666,item_0196,1
user_0667,item_0065,5
user_0667,item_0082,5
user_0667,item_0040,2
user_0667,item_0075,2
user_0667,item_0080,2
user_0667,item_0118,2
user_0667,item_0025,1
user_0667,item_0044,1
user_0667,item_0050,1
user_0667,item_0054,1
user_0667,item_0057,1
user_0667,item_0060,1
user_0667,item_0063,1
user_0667,item_0068,1
user_0667,item_0083,1
user_0667,item_0099,1
user_0667,item_0102,1
user_0667,item_0138,1
user_0667,item_0140,1
user_0667,item_0171,1
user_0667,item_0176,1
user_0667,item_0179,1
user_0667,item_0180,1
user_0667,item_0186,1
user_0667,item_0188,1
user_0668,item_0053,5
user_0668,item_0109,5
user_0668,item_0113,5
user_0668,item_0114,5
user_0668,item_0183,5
user_0668,item_0000,2
user_0668,item_0036,2
user_0668,item_0052,2
user_0668,item_0085,2
user_0668,item_0101,2
user_0668,item_0001,1
user_0668,item_0006,1
user_0668,item_0010,1
user_0668,item_0043,1
user_0668,item_0058,1
user_0668,item_0100,1
user_0668,item_0105,1
user_0668,item_0116,1
user_0668,item_0135,1
user_0668,item_0139,1
user_0668,item_0140,1
user_0668,item_0144,1
user_0668,item_0151,1
user_0669,item_0048,1
user_0669,item_0188,1
user_0670,item_0025,5
user_0670,item_0059,5
user_0670,item_0074,2
user_0670,item_0077,2
user_0670,item_0123,2
user_0670,item_0021,1
user_0670,item_0031,1
user_0670,item_0036,1
user_0670,item_0066,1
user_0670,item_0081,1
user_0670,item_0113,1
user_0670,item_0135,1
user_0670,item_0136,1
user_0670,item_0180,1
user_0671,item_0012,2
user_0671,item_0080,2
user_0671,item_0051,1
user_0671,item_0071,1
user_0671,item_0151,1
user_0671,item_0167,1
user_0671,item_0194,1
user_0671,item_0196,1
user_0672,item_0021,5
user_0672,item_0048,5
user_0672,item_0176,5
user_0672,item_0086,2
user_0672,item_0095,2
user_0672,item_0141,2
user_0672,item_0005,1
user_0672,item_0018,1
user_0672,item_0037,1
user_0672,item_0045,1
user_0672,item_0062,1
user_0672,item_0097,1
user_0672,item_0112,1
user_0672,item_0115,1
user_0672,item_0132,1
user_0672,item_0166,1
user_0672,item_0168,1
user_0672,item_0192,1
user_0672,item_0199,1
user_0673,item_0199,2
user_0673,item_0166,1
user_0674,item_0016,5
user_0674,item_0029,5
user_0674,item_0083,5
user_0674,item_0123,5
user_0674,item_0184,5
user_0674,item_0003,2
user_0674,item_0072,2
user_0674,item_0104,2
user_0674,item_0011,1
user_0674,item_0073,1
user_0674,item_0111,1
user_0674,item_0129,1
user_0674,item_0142,1
user_0674,item_0175,1
user_0674,item_0198,1
user_0675,item_0028,5
user_0675,item_0089,5
user_0675,item_0090,2
user_0675,item_0041,1
user_0675,item_0197,1
user_0676,item_0000,2
user_0676,item_0011,1
user_0676,item_0035,1
user_0677,item_0081,5
user_0677,item_0174,5
user_0677,item_0035,2
user_0677,item_0045,2
user_0677,item_0063,2
user_0677,item_0065,2
user_0677,item_0167,2
user_0677,item_0007,1
user_0677,item_0052,1
user_0677,item_0082,1
user_0677,item_0118,1
user_0677,item_0125,1
user_0677,item_0176,1
user_0677,item_0188,1
user_0677,item_0197,1
user_0678,item_0116,2
user_0678,item_0072,1
user_0679,item_0032,5
user_0679,item_0028,2
user_0679,item_0072,2
user_0679,item_0096,2
user_0679,item_0134,2
user_0679,item_0158,2
user_0679,item_0031,1
user_0679,item_0039,1
user_0679,item_0045,1
user_0679,item_0075,1
user_0679,item_0081,1
user_0679,item_0098,1
user_0679,item_0133,1
user_0679,item_0173,1
user_0679,item_0177,1
user_0679,item_0196,1
user_0680,item_0073,5
user_0680,item_0143,2
user_0680,item_0141,1
user_0680,item_0189,1
user_0681,item_0004,5
user_0681,item_0017,5
user_0681,item_0057,5
user_0681,item_0110,5
user_0681,item_0181,5
user_0681,item_0031,2
user_0681,item_0078,2
user_0681,item_0156,2
user_0681,item_0198,2
user_0681,item_0003,1
user_0681,item_0029,1
user_0681,item_0030,1
user_0681,item_0034,1
user_0681,item_0054,1
user_0681,item_0072,1
user_0681,item_0085,1
user_0681,item_0104,1
user_0681,item_0107,1
user_0681,item_0121,1
user_0681,item_0145,1
user_0681,item_0149,1
user_0681,item_0191,1
user_0681,item_0192,1
user_0681,item_0195,1
user_0682,item_0118,5
user_0682,item_0066,2
user_0682,item_0165,2
user_0682,item_0181,2
user_0682,item_0052,1
user_0682,item_0098,1
user_0682,item_0099,1
user_0682,item_0191,1
user_0683,item_0012,2
user_0683,item_0077,2
user_0683,item_0088,2
user_0683,item_0122,2
user_0683,item_0135,2
user_0683,item_0176,2
user_0683,item_0004,1
user_0683,item_0022,1
user_0683,item_0034,1
user_0683,item_0038,1
user_0683,item_0058,1
user_0683,item_0098,1
user_0683,item_0110,1
user_0683,item_0113,1
user_0683,item_0118,1
user_0684,item_0137,5
user_0684,item_0182,2
user_0684,item_0023,1
user_0684,item_0110,1
user_0684,item_0191,1
user_0685,item_0033,5
user_0685,item_0067,5
user_0685,item_0073,5
user_0685,item_0011,2
user_0685,item_0014,2
user_0685,item_0018,2
user_0685,item_0109,2
user_0685,item_0012,1
user_0685,item_0038,1
user_0685,item_0041,1
user_0685,item_0081,1
user_0685,item_0120,1
user_0685,item_0147,1
user_0685,item_0194,1
user_0685,item_0196,1
user_0686,item_0028,5
user_0686,item_0009,2
user_0686,item_0024,2
user_0686,item_0055,2
user_0686,item_0104,2
user_0686,item_0112,2
user_0686,item_0118,2
user_0686,item_0130,2
user_0686,item_0148,2
user_0686,item_0149,2
user_0686,item_0164,2
user_0686,item_0036,1
user_0686,item_0048,1
user_0686,item_0057,1
user_0686,item_0067,1
user_0686,item_0081,1
user_0686,item_0132,1
user_0686,item_0151,1
user_0686,item_0182,1
user_0687,item_0112,5
user_0687,item_0126,5
user_0687,item_0182,5
user_0687,item_0078,2
user_0687,item_0160,2
user_0687,item_0164,2
user_0687,item_0010,1
user_0687,item_0019,1
user_0687,item_0039,1
user_0687,item_0040,1
user_0687,item_0053,1
user_0687,item_0064,1
user_0687,item_0080,1
user_0687,item_0085,1
user_0687,item_0103,1
user_0687,item_0120,1
user_0687,item_0128,1
user_0687,item_0142,1
user_0687,item_0152,1
user_0687,item_0163,1
user_0687,item_0171,1
user_0688,item_0038,2
user_0688,item_0052,2
user_0688,item_0152,2
user_0688,item_0174,2
user_0688,item_0073,1
user_0688,item_0075,1
user_0688,item_0189,1
user_0689,item_0023,5
user_0689,item_0091,5
user_0689,item_0198,5
user_0689,item_0004,2
user_0689,item_0002,1
user_0689,item_0019,1
user_0689,item_0027,1
user_0689,item_0061,1
user_0689,item_0066,1
user_0689,item_0081,1
user_0689,item_0082,1
user_0689,item_0088,1
user_0689,item_0100,1
user_0689,item_0118,1
user_0689,item_0122,1
user_0689,item_0125,1
user_0689,item_0135,1
user_0689,item_0139,1
user_0689,item_0147,1
user_0689,item_0164,1
user_0689,item_0179,1
user_0689,item_0184,1
user_0689,item_0192,1
user_0690,item_0001,5
user_0690,item_0076,5
user_0690,item_0159,5
user_0690,item_0010,2
user_0690,item_0102,2
user_0690,item_0145,2
user_0690,item_0005,1
user_0690,item_0029,1
user_0690,item_0039,1
user_0690,item_0043,1
user_0690,item_0124,1
user_0690,item_0134,1
user_0690,item_0144,1
user_0690,item_0190,1
user_0691,item_0028,2
user_0691,item_0036,2
user_0691,item_0067,1
user_0691,item_0129,1
user_0691,item_0147,1
user_0691,item_0169,1
user_0692,item_0031,2
user_0692,item_0187,2
user_0692,item_0013,1
user_0692,item_0043,1
user_0692,item_0046,1
user_0692,item_0085,1
user_0692,item_0094,1
user_0693,item_0016,5
user_0693,item_0036,5
user_0693,item_0025,2
user_0693,item_0076,2
user_0693,item_0024,1
user_0693,item_0037,1
user_0693,item_0085,1
user_0693,item_0101,1
user_0694,item_0018,5
user_0694,item_0029,5
user_0694,item_0101,5
user_0694,item_0027,2
user_0694,item_0138,2
user_0694,item_0151,2
user_0694,item_0003,1
user_0694,item_0011,1
user_0694,item_0014,1
user_0694,item_0015,1
user_0694,item_0103,1
user_0694,item_0163,1
user_0694,item_0174,1
user_0695,item_0016,5
user_0695,item_0089,5
user_0695,item_0157,5
user_0695,item_0012,2
user_0695,item_0014,2
user_0695,item_0023,2
user_0695,item_0086,2
user_0695,item_0105,2
user_0695,item_0111,2
user_0695,item_0114,2
user_0695,item_0186,2
user_0695,item_0195,2
user_0695,item_0007,1
user_0695,item_0029,1
user_0695,item_0077,1
user_0695,item_0104,1
user_0695,item_0116,1
user_0695,item_0134,1
user_0695,item_0146,1
user_0695,item_0150,1
user_0695,item_0178,1
user_0695,item_0188,1
user_0696,item_0182,5
user_0696,item_0170,2
user_0696,item_0199,2
user_0696,item_0008,1
user_0696,item_0038,1
user_0696,item_0087,1
user_0696,item_0115,1
user_0696,item_0136,1
user_0696,item_0137,1
user_0696,item_0142,1
user_0696,item_0147,1
user_0696,item_0149,1
user_0696,item_0153,1
user_0696,item_0178,1
user_0697,item_0048,5
user_0697,item_0097,5
user_0697,item_0136,5
user_0697,item_0001,2
user_0697,item_0057,2
user_0697,item_0152,2
user_0697,item_0153,2
user_0697,item_0035,1
user_0697,item_0043,1
user_0697,item_0046,1
user_0697,item_0069,1
user_0697,item_0083,1
user_0697,item_0086,1
user_0697,item_0161,1
user_0697,item_0169,1
user_0697,item_0177,1
user_0697,item_0178,1
user_0697,item_0183,1
user_0697,item_0190,1
user_0697,item_0195,1
user_0698,item_0098,5
user_0698,item_0055,2
user_0698,item_0109,2
user_0698,item_0117,2
user_0698,item_0146,2
user_0698,item_0006,1
user_0698,item_0065,1
user_0698,item_0152,1
user_0698,item_0189,1
user_0699,item_0069,5
user_0699,item_0149,5
user_0699,item_0029,2
user_0699,item_0034,2
user_0699,item_0039,2
user_0699,item_0170,2
user_0699,item_0001,1
user_0699,item_0018,1
user_0699,item_0019,1
user_0699,item_0063,1
user_0699,item_0072,1
user_0699,item_0073,1
user_0699,item_0077,1
user_0699,item_0086,1
user_0699,item_0097,1
user_0699,item_0102,1
user_0699,item_0158,1
user_0699,item_0169,1
user_0699,item_0192,1
user_0699,item_0193,1
user_0700,item_0100,2
user_0700,item_0146,2
user_0700,item_0029,1
user_0700,item_0136,1
user_0701,item_0047,5
user_0701,item_0065,2
user_0701,item_0109,2
user_0701,item_0132,2
user_0701,item_0146,2
user_0701,item_0190,2
user_0701,item_0194,2
user_0701,item_0016,1
user_0701,item_0022,1
user_0701,item_0033,1
user_0701,item_0037,1
user_0701,item_0040,1
user_0701,item_0041,1
user_0701,item_0068,1
user_0701,item_0101,1
user_0701,item_0116,1
user_0701,item_0117,1
user_0701,item_0136,1
user_0701,item_0139,1
user_0701,item_0152,1
user_0701,item_0157,1
user_0701,item_0163,1
user_0701,item_0175,1
user_0701,item_0187,1
user_0701,item_0196,1
user_0702,item_0091,5
user_0702,item_0155,5
user_0702,item_0069,2
user_0702,item_0080,2
user_0702,item_0102,2
user_0702,item_0115,2
user_0702,item_0128,2
user_0702,item_0143,2
user_0702,item_0001,1
user_0702,item_0005,1
user_0702,item_0025,1
user_0702,item_0032,1
user_0702,item_0058,1
user_0702,item_0079,1
user_0702,item_0097,1
user_0702,item_0118,1
user_0702,item_0135,1
user_0702,item_0159,1
user_0702,item_0161,1
user_0702,item_0198,1
user_0703,item_0023,5
user_0703,item_0026,5
user_0703,item_0122,5
user_0703,item_0014,2
user_0703,item_0046,2
user_0703,item_0076,2
user_0703,item_0103,2
user_0703,item_0111,2
user_0703,item_0166,2
user_0703,item_0197,2
user_0703,item_0000,1
user_0703,item_0008,1
user_0703,item_0047,1
user_0703,item_0048,1
user_0703,item_0064,1
user_0703,item_0067,1
user_0703,item_0069,1
user_0703,item_0097,1
user_0703,item_0100,1
user_0703,item_0102,1
user_0703,item_0112,1
user_0703,item_0131,1
user_0703,item_0147,1
user_0703,item_0150,1
user_0703,item_0151,1
user_0703,item_0167,1
user_0703,item_0171,1
user_0703,item_0177,1
user_0704,item_0042,5
user_0704,item_0023,2
user_0704,item_0041,2
user_0704,item_0048,2
user_0704,item_0109,2
user_0704,item_0170,2
user_0704,item_0184,2
user_0704,item_0191,2
user_0704,item_0001,1
user_0704,item_0017,1
user_0704,item_0029,1
user_0704,item_0034,1
user_0704,item_0052,1
user_0704,item_0059,1
user_0704,item_0062,1
user_0704,item_0069,1
user_0704,item_0117,1
user_0704,item_0118,1
user_0704,item_0143,1
user_0704,item_0166,1
user_0704,item_0178,1
user_0704,item_0180,1
user_0704,item_0181,1
user_0705,item_0058,2
user_0705,item_0062,2
user_0705,item_0040,1
user_0705,item_0048,1
user_0705,item_0163,1
user_0706,item_0052,2
user_0706,item_0164,2
user_0706,item_0036,1
user_0706,item_0096,1
user_0706,item_0118,1
user_0706,item_0151,1
user_0706,item_0160,1
user_0707,item_0099,5
user_0707,item_0170,5
user_0707,item_0009,1
user_0707,item_0012,1
user_0707,item_0051,1
user_0707,item_0073,1
user_0707,item_0089,1
user_0707,item_0097,1
user_0707,item_0155,1
user_0707,item_0174,1
user_0707,item_0198,1
user_0708,item_0026,5
user_0708,item_0042,5
user_0708,item_0144,5
user_0708,item_0017,2
user_0708,item_0075,2
user_0708,item_0099,2
user_0708,item_0197,2
user_0708,item_0001,1
user_0708,item_0021,1
user_0708,item_0034,1
user_0708,item_0038,1
user_0708,item_0040,1
user_0708,item_0046,1
user_0708,item_0062,1
user_0708,item_0067,1
user_0708,item_0068,1
user_0708,item_0086,1
user_0708,item_0108,1
user_0708,item_0110,1
user_0708,item_0113,1
user_0708,item_0114,1
user_0708,item_0131,1
user_0708,item_0149,1
user_0708,item_0166,1
user_0708,item_0189,1
user_0709,item_0125,5
user_0709,item_0162,5
user_0709,item_0008,2
user_0709,item_0018,2
user_0709,item_0046,2
user_0709,item_0055,2
user_0709,item_0064,2
user_0709,item_0072,2
user_0709,item_0084,2
user_0709,item_0057,1
user_0709,item_0068,1
user_0709,item_0087,1
user_0709,item_0092,1
user_0709,item_0095,1
user_0709,item_0133,1
user_0709,item_0147,1
user_0709,item_0151,1
user_0709,item_0161,1
user_0709,item_0170,1
user_0709,item_0179,1
user_0709,item_0193,1
user_0710,item_0023,2
user_0710,item_0040,2
user_0710,item_0123,2
user_0710,item_0010,1
user_0710,item_0094,1
user_0710,item_0131,1
user_0711,item_0084,5
user_0711,item_0111,5
user_0711,item_0099,2
user_0711,item_0006,1
user_0711,item_0028,1
user_0711,item_0049,1
user_0712,item_0021,5
user_0712,item_0077,5
user_0712,item_0171,5
user_0712,item_0066,2
user_0712,item_0111,2
user_0712,item_0120,2
user_0712,item_0016,1
user_0712,item_0027,1
user_0712,item_0054,1
user_0712,item_0084,1
user_0712,item_0088,1
user_0712,item_0106,1
user_0712,item_0119,1
user_0712,item_0122,1
user_0712,item_0130,1
user_0712,item_0143,1
user_0713,item_0083,2
user_0713,item_0057,1
user_0714,item_0036,5
user_0714,item_0033,2
user_0714,item_0093,2
user_0714,item_0101,2
user_0714,item_0139,2
user_0714,item_0171,2
user_0714,item_0004,1
user_0714,item_0006,1
user_0714,item_0023,1
user_0714,item_0037,1
user_0714,item_0061,1
user_0714,item_0077,1
user_0714,item_0097,1
user_0714,item_0098,1
user_0714,item_0180,1
user_0714,item_0184,1
user_0715,item_0034,5
user_0715,item_0069,5
user_0715,item_0014,2
user_0715,item_0133,2
user_0715,item_0159,2
user_0715,item_0175,2
user_0715,item_0194,2
user_0715,item_0000,1
user_0715,item_0001,1
user_0715,item_0029,1
user_0715,item_0032,1
user_0715,item_0036,1
user_0715,item_0053,1
user_0715,item_0063,1
user_0715,item_0076,1
user_0715,item_0135,1
user_0715,item_0144,1
user_0715,item_0145,1
user_0715,item_0146,1
user_0716,item_0027,5
user_0716,item_0053,5
user_0716,item_0090,5
user_0716,item_0118,2
user_0716,item_0133,2
user_0716,item_0004,1
user_0716,item_0007,1
user_0716,item_0019,1
user_0716,item_0043,1
user_0716,item_0078,1
user_0716,item_0101,1
user_0716,item_0103,1
user_0716,item_0108,1
user_0716,item_0152,1
user_0716,item_0154,1
user_0717,item_0089,5
user_0717,item_0028,2
user_0717,item_0045,2
user_0717,item_0056,2
user_0717,item_0066,2
user_0717,item_0155,2
user_0717,item_0165,2
user_0717,item_0198,2
user_0717,item_0003,1
user_0717,item_0006,1
user_0717,item_0030,1
user_0717,item_0032,1
user_0717,item_0034,1
user_0717,item_0077,1
user_0717,item_0146,1
user_0717,item_0147,1
user_0717,item_0166,1
user_0717,item_0190,1
user_0718,item_0086,2
user_0718,item_0154,2
user_0718,item_0157,2
user_0718,item_0142,1
user_0718,item_0167,1
user_0718,item_0168,1
user_0719,item_0089,5
user_0719,item_0090,5
user_0719,item_0114,5
user_0719,item_0132,5
user_0719,item_0169,5
user_0719,item_0189,5
user_0719,item_0099,2
user_0719,item_0118,2
user_0719,item_0003,1
user_0719,item_0010,1
user_0719,item_0032,1
user_0719,item_0047,1
user_0719,item_0092,1
user_0719,item_0136,1
user_0719,item_0172,1
user_0719,item_0175,1
user_0720,item_0047,2
user_0720,item_0071,2
user_0720,item_0118,2
user_0720,item_0136,2
user_0720,item_0146,2
user_0720,item_0186,2
user_0720,item_0009,1
user_0720,item_0063,1
user_0720,item_0064,1
user_0720,item_0147,1
user_0720,item_0156,1
user_0721,item_0045,5
user_0721,item_0026,1
user_0721,item_0031,1
user_0721,item_0072,1
user_0722,item_0028,2
user_0722,item_0029,2
user_0722,item_0161,2
user_0722,item_0011,1
user_0722,item_0073,1
user_0722,item_0100,1
user_0722,item_0114,1
user_0722,item_0180,1
user_0722,item_0194,1
user_0723,item_0089,5
user_0723,item_0186,5
user_0723,item_0028,2
user_0723,item_0035,2
user_0723,item_0058,2
user_0723,item_0164,2
user_0723,item_0176,2
user_0723,item_0188,2
user_0723,item_0014,1
user_0723,item_0068,1
user_0723,item_0072,1
user_0723,item_0073,1
user_0723,item_0109,1
user_0723,item_0131,1
user_0723,item_0134,1
user_0723,item_0171,1
user_0723,item_0182,1
user_0724,item_0001,1
user_0724,item_0114,1
user_0724,item_0165,1
user_0725,item_0057,5
user_0725,item_0069,5
user_0725,item_0180,5
user_0725,item_0035,2
user_0725,item_0082,2
user_0725,item_0004,1
user_0725,item_0015,1
user_0725,item_0025,1
user_0725,item_0032,1
user_0725,item_0041,1
user_0725,item_0053,1
user_0725,item_0077,1
user_0725,item_0083,1
user_0725,item_0086,1
user_0725,item_0098,1
user_0725,item_0100,1
user_0725,item_0105,1
user_0725,item_0123,1
user_0725,item_0164,1
user_0725,item_0183,1
user_0726,item_0042,5
user_0726,item_0098,5
user_0726,item_0112,5
user_0726,item_0035,2
user_0726,item_0139,2
user_0726,item_0158,2
user_0726,item_0193,2
user_0726,item_0001,1
user_0726,item_0010,1
user_0726,item_0011,1
user_0726,item_0082,1
user_0726,item_0116,1
user_0726,item_0165,1
user_0726,item_0170,1
user_0727,item_0060,5
user_0727,item_0081,5
user_0727,item_0062,2
user_0727,item_0134,2
user_0727,item_0183,2
user_0727,item_0075,1
user_0727,item_0079,1
user_0727,item_0080,1
user_0727,item_0130,1
user_0727,item_0168,1
user_0727,item_0193,1
user_0727,item_0197,1
user_0728,item_0005,5
user_0728,item_0073,5
user_0728,item_0142,2
user_0728,item_0165,2
user_0728,item_0002,1
user_0728,item_0033,1
user_0728,item_0070,1
user_0728,item_0078,1
user_0728,item_0091,1
user_0728,item_0122,1
user_0728,item_0123,1
user_0728,item_0144,1
user_0728,item_0162,1
user_0728,item_0181,1
user_0728,item_0196,1
user_0728,item_0197,1
user_0729,item_0058,2
user_0729,item_0160,2
user_0729,item_0001,1
user_0729,item_0010,1
user_0729,item_0013,1
user_0729,item_0024,1
user_0729,item_0038,1
user_0729,item_0057,1
user_0729,item_0100,1
user_0729,item_0126,1
user_0729,item_0144,1
user_0729,item_0169,1
user_0729,item_0170,1
user_0729,item_0184,1
user_0729,item_0187,1
user_0729,item_0194,1
user_0730,item_0031,5
user_0730,item_0045,5
user_0730,item_0122,5
user_0730,item_0097,2
user_0730,item_0126,2
user_0730,item_0193,2
user_0730,item_0022,1
user_0730,item_0036,1
user_0730,item_0053,1
user_0730,item_0092,1
user_0730,item_0095,1
user_0730,item_0099,1
user_0730,item_0105,1
user_0730,item_0133,1
user_0730,item_0169,1
user_0730,item_0174,1
user_0730,item_0182,1
user_0730,item_0185,1
user_0731,item_0162,5
user_0731,item_0025,2
user_0731,item_0182,2
user_0731,item_0015,1
user_0731,item_0030,1
user_0731,item_0067,1
user_0731,item_0110,1
user_0731,item_0119,1
user_0731,item_0166,1
user_0731,item_0170,1
user_0732,item_0138,5
user_0732,item_0031,2
user_0732,item_0049,1
user_0732,item_0061,1
user_0732,item_0082,1
user_0732,item_0083,1
user_0732,item_0109,1
user_0732,item_0166,1
user_0732,item_0175,1
user_0733,item_0081,5
user_0733,item_0141,5
user_0733,item_0187,5
user_0733,item_0006,2
user_0733,item_0013,1
user_0733,item_0042,1
user_0733,item_0056,1
user_0733,item_0066,1
user_0733,item_0074,1
user_0733,item_0076,1
user_0733,item_0093,1
user_0733,item_0094,1
user_0733,item_0116,1
user_0733,item_0144,1
user_0733,item_0172,1
user_0733,item_0179,1
user_0733,item_0198,1
user_0734,item_0012,5
user_0734,item_0136,5
user_0734,item_0037,2
user_0734,item_0049,2
user_0734,item_0086,2
user_0734,item_0111,2
user_0734,item_0017,1
user_0734,item_0036,1
user_0734,item_0082,1
user_0734,item_0092,1
user_0734,item_0132,1
user_0734,item_0163,1
user_0734,item_0168,1
user_0734,item_0170,1
user_0734,item_0171,1
user_0734,item_0178,1
user_0735,item_0086,5
user_0735,item_0128,5
user_0735,item_0198,5
user_0735,item_0012,1
user_0735,item_0073,1
user_0735,item_0092,1
user_0736,item_0083,2
user_0736,item_0098,2
user_0736,item_0074,1
user_0736,item_0091,1
user_0736,item_0115,1
user_0736,item_0151,1
user_0736,item_0152,1
user_0736,item_0178,1
user_0736,item_0197,1
user_0737,item_0090,2
user_0737,item_0120,2
user_0737,item_0122,2
user_0737,item_0148,2
user_0737,item_0161,2
user_0737,item_0194,2
user_0737,item_0000,1
user_0737,item_0035,1
user_0737,item_0063,1
user_0737,item_0066,1
user_0737,item_0097,1
user_0737,item_0168,1
user_0737,item_0183,1
user_0738,item_0020,5
user_0738,item_0057,2
user_0738,item_0064,1
user_0738,item_0069,1
user_0738,item_0096,1
user_0738,item_0119,1
user_0738,item_0168,1
user_0738,item_0173,1
user_0738,item_0185,1
user_0738,item_0189,1
user_0739,item_0045,1
user_0739,item_0084,1
user_0739,item_0085,1
user_0739,item_0162,1
user_0739,item_0183,1
user_0740,item_0046,1
user_0740,item_0063,1
user_0740,item_0066,1
user_0741,item_0085,5
user_0741,item_0067,2
user_0741,item_0140,2
user_0741,item_0096,1
user_0742,item_0010,5
user_0742,item_0067,5
user_0742,item_0179,5
user_0742,item_0070,2
user_0742,item_0193,2
user_0742,item_0022,1
user_0742,item_0034,1
user_0742,item_0049,1
user_0742,item_0064,1
user_0742,item_0085,1
user_0742,item_0121,1
user_0742,item_0143,1
user_0742,item_0155,1
user_0742,item_0176,1
user_0742,item_0192,1
user_0742,item_0197,1
user_0743,item_0081,5
user_0743,item_0106,5
user_0743,item_0016,2
user_0743,item_0056,2
user_0743,item_0065,2
user_0743,item_0066,2
user_0743,item_0112,2
user_0743,item_0032,1
user_0743,item_0050,1
user_0743,item_0051,1
user_0743,item_0079,1
user_0743,item_0096,1
user_0743,item_0111,1
user_0743,item_0118,1
user_0743,item_0170,1
user_0744,item_0083,5
user_0744,item_0062,2
user_0744,item_0111,2
user_0744,item_0150,2
user_0744,item_0174,2
user_0744,item_0015,1
user_0744,item_0017,1
user_0744,item_0021,1
user_0744,item_0080,1
user_0744,item_0120,1
user_0744,item_0179,1
user_0744,item_0187,1
user_0745,item_0019,5
user_0745,item_0152,5
user_0745,item_0003,2
user_0745,item_0094,2
user_0745,item_0158,2
user_0745,item_0177,2
user_0745,item_0006,1
user_0745,item_0012,1
user_0745,item_0025,1
user_0745,item_0036,1
user_0745,item_0040,1
user_0745,item_0045,1
user_0745,item_0075,1
user_0745,item_0108,1
user_0745,item_0114,1
user_0745,item_0130,1
user_0745,item_0144,1
user_0745,item_0164,1
user_0745,item_0198,1
user_0746,item_0066,5
user_0746,item_0150,5
user_0746,item_0006,2
user_0746,item_0174,2
user_0746,item_0179,2
user_0746,item_0072,1
user_0746,item_0094,1
user_0746,item_0142,1
user_0747,item_0024,5
user_0747,item_0036,2
user_0747,item_0127,2
user_0747,item_0136,2
user_0747,item_0157,2
user_0747,item_0002,1
user_0747,item_0035,1
user_0747,item_0073,1
user_0747,item_0099,1
user_0747,item_0102,1
user_0747,item_0103,1
user_0747,item_0135,1
user_0747,item_0139,1
user_0747,item_0166,1
user_0748,item_0191,5
user_0748,item_0016,2
user_0748,item_0023,2
user_0748,item_0043,2
user_0748,item_0147,2
user_0748,item_0022,1
user_0748,item_0077,1
user_0748,item_0095,1
user_0748,item_0154,1
user_0748,item_0165,1
user_0749,item_0000,2
user_0749,item_0005,2
user_0749,item_0067,2
user_0749,item_0008,1
user_0749,item_0040,1
user_0749,item_0050,1
user_0749,item_0077,1
user_0749,item_0126,1
user_0749,item_0136,1
user_0749,item_0180,1
user_0749,item_0191,1
user_0749,item_0193,1
user_0750,item_0109,5
user_0750,item_0174,5
user_0750,item_0061,2
user_0750,item_0007,1
user_0750,item_0022,1
user_0750,item_0048,1
user_0750,item_0054,1
user_0750,item_0107,1
user_0750,item_0147,1
user_0751,item_0043,5
user_0751,item_0066,5
user_0751,item_0074,5
user_0751,item_0124,5
user_0751,item_0148,5
user_0751,item_0170,5
user_0751,item_0091,2
user_0751,item_0054,1
user_0751,item_0070,1
user_0751,item_0087,1
user_0751,item_0090,1
user_0751,item_0093,1
user_0751,item_0144,1
user_0751,item_0187,1
user_0752,item_0077,5
user_0752,item_0079,5
user_0752,item_0132,2
user_0752,item_0147,2
user_0752,item_0162,2
user_0752,item_0031,1
user_0752,item_0080,1
user_0752,item_0088,1
user_0752,item_0178,1
user_0752,item_0182,1
user_0752,item_0185,1
user_0753,item_0178,5
user_0753,item_0154,2
user_0753,item_0166,2
user_0753,item_0168,2
user_0753,item_0011,1
user_0753,item_0028,1
user_0753,item_0093,1
user_0753,item_0106,1
user_0753,item_0150,1
user_0754,item_0025,5
user_0754,item_0134,5
user_0754,item_0016,2
user_0754,item_0066,2
user_0754,item_0118,2
user_0754,item_0142,2
user_0754,item_0143,2
user_0754,item_0026,1
user_0754,item_0046,1
user_0754,item_0075,1
user_0754,item_0092,1
user_0754,item_0093,1
user_0754,item_0100,1
user_0754,item_0159,1
user_0754,item_0174,1
user_0754,item_0183,1
user_0754,item_0196,1
user_0754,item_0198,1
user_0755,item_0129,5
user_0755,item_0015,2
user_0755,item_0062,2
user_0755,item_0085,2
user_0755,item_0132,2
user_0755,item_0189,2
user_0755,item_0003,1
user_0755,item_0020,1
user_0755,item_0028,1
user_0755,item_0042,1
user_0755,item_0055,1
user_0755,item_0056,1
user_0755,item_0083,1
user_0755,item_0109,1
user_0755,item_0110,1
user_0755,item_0115,1
user_0755,item_0150,1
user_0755,item_0191,1
user_0756,item_0045,5
user_0756,item_0055,2
user_0756,item_0070,2
user_0756,item_0143,2
user_0756,item_0030,1
user_0756,item_0085,1
user_0756,item_0113,1
user_0756,item_0136,1
user_0756,item_0148,1
user_0756,item_0155,1
user_0756,item_0158,1
user_0756,item_0168,1
user_0757,item_0119,5
user_0757,item_0072,2
user_0757,item_0130,2
user_0757,item_0139,2
user_0757,item_0146,2
user_0757,item_0153,2
user_0757,item_0183,2
user_0757,item_0002,1
user_0757,item_0018,1
user_0757,item_0107,1
user_0757,item_0128,1
user_0757,item_0167,1
user_0757,item_0170,1
user_0757,item_0176,1
user_0758,item_0144,5
user_0758,item_0023,2
user_0758,item_0117,2
user_0758,item_0015,1
user_0758,item_0038,1
user_0758,item_0061,1
user_0758,item_0082,1
user_0758,item_0099,1
user_0758,item_0101,1
user_0758,item_0121,1
user_0758,item_0155,1
user_0758,item_0160,1
user_0758,item_0166,1
user_0758,item_0191,1
user_0758,item_0195,1
user_0759,item_0113,5
user_0759,item_0164,2
user_0759,item_0040,1
user_0759,item_0043,1
user_0759,item_0050,1
user_0759,item_0060,1
user_0759,item_0082,1
user_0759,item_0098,1
user_0759,item_0105,1
user_0759,item_0108,1
user_0759,item_0153,1
user_0759,item_0171,1
user_0760,item_0132,5
user_0760,item_0098,2
user_0760,item_0172,2
user_0760,item_0026,1
user_0761,item_0058,5
user_0761,item_0185,5
user_0761,item_0084,2
user_0761,item_0091,2
user_0761,item_0101,2
user_0761,item_0162,2
user_0761,item_0195,2
user_0761,item_0007,1
user_0761,item_0030,1
user_0761,item_0035,1
user_0761,item_0053,1
user_0761,item_0061,1
user_0761,item_0065,1
user_0761,item_0111,1
user_0761,item_0142,1
user_0762,item_0110,5
user_0762,item_0025,2
user_0762,item_0088,2
user_0762,item_0139,2
user_0762,item_0182,2
user_0762,item_0189,2
user_0762,item_0016,1
user_0762,item_0028,1
user_0762,item_0031,1
user_0762,item_0069,1
user_0762,item_0125,1
user_0762,item_0145,1
user_0762,item_0154,1
user_0762,item_0168,1
user_0763,item_0062,2
user_0763,item_0084,2
user_0763,item_0088,2
user_0763,item_0122,2
user_0763,item_0125,2
user_0763,item_0130,2
user_0763,item_0139,2
user_0763,item_0157,2
user_0763,item_0018,1
user_0763,item_0019,1
user_0763,item_0033,1
user_0763,item_0035,1
user_0763,item_0040,1
user_0763,item_0042,1
user_0763,item_0104,1
user_0763,item_0121,1
user_0763,item_0140,1
user_0763,item_0148,1
user_0763,item_0164,1
user_0764,item_0036,5
user_0764,item_0092,5
user_0764,item_0120,5
user_0764,item_0187,5
user_0764,item_0000,2
user_0764,item_0125,2
user_0764,item_0018,1
user_0764,item_0019,1
user_0764,item_0041,1
user_0764,item_0070,1
user_0764,item_0071,1
user_0764,item_0074,1
user_0764,item_0102,1
user_0764,item_0109,1
user_0764,item_0126,1
user_0764,item_0142,1
user_0764,item_0149,1
user_0764,item_0164,1
user_0764,item_0165,1
user_0764,item_0174,1
user_0764,item_0191,1
user_0764,item_0194,1
user_0765,item_0041,2
user_0765,item_0097,2
user_0765,item_0048,1
user_0765,item_0051,1
user_0765,item_0119,1
user_0765,item_0174,1
user_0766,item_0085,5
user_0766,item_0153,5
user_0766,item_0041,2
user_0766,item_0045,2
user_0766,item_0079,2
user_0766,item_0092,2
user_0766,item_0005,1
user_0766,item_0010,1
user_0766,item_0021,1
user_0766,item_0031,1
user_0766,item_0043,1
user_0766,item_0047,1
user_0766,item_0104,1
user_0766,item_0110,1
user_0766,item_0126,1
user_0766,item_0172,1
user_0766,item_0182,1
user_0766,item_0190,1
user_0767,item_0013,5
user_0767,item_0035,5
user_0767,item_0058,5
user_0767,item_0006,2
user_0767,item_0191,2
user_0767,item_0003,1
user_0767,item_0051,1
user_0767,item_0052,1
user_0767,item_0073,1
user_0767,item_0076,1
user_0767,item_0083,1
user_0767,item_0112,1
user_0767,item_0117,1
user_0767,item_0120,1
user_0767,item_0148,1
user_0768,item_0085,5
user_0768,item_0030,2
user_0768,item_0129,2
user_0768,item_0143,2
user_0768,item_0165,2
user_0768,item_0173,2
user_0768,item_0006,1
user_0768,item_0023,1
user_0768,item_0041,1
user_0768,item_0046,1
user_0768,item_0048,1
user_0768,item_0051,1
user_0768,item_0072,1
user_0768,item_0091,1
user_0768,item_0145,1
user_0768,item_0149,1
user_0768,item_0156,1
user_0769,item_0051,5
user_0769,item_0024,2
user_0769,item_0030,2
user_0769,item_0119,2
user_0769,item_0185,2
user_0769,item_0034,1
user_0769,item_0045,1
user_0769,item_0052,1
user_0769,item_0055,1
user_0769,item_0065,1
user_0769,item_0075,1
user_0769,item_0100,1
user_0769,item_0151,1
user_0769,item_0168,1
user_0769,item_0176,1
user_0770,item_0031,5
user_0770,item_0104,5
user_0770,item_0186,5
user_0770,item_0053,2
user_0770,item_0097,2
user_0770,item_0175,2
user_0770,item_0002,1
user_0770,item_0025,1
user_0770,item_0047,1
user_0770,item_0056,1
user_0770,item_0080,1
user_0770,item_0088,1
user_0770,item_0155,1
user_0770,item_0161,1
user_0770,item_0174,1
user_0770,item_0183,1
user_0770,item_0187,1
user_0770,item_0191,1
user_0771,item_0031,5
user_0771,item_0102,5
user_0771,item_0124,5
user_0771,item_0066,2
user_0771,item_0079,2
user_0771,item_0116,2
user_0771,item_0018,1
user_0771,item_0035,1
user_0771,item_0045,1
user_0771,item_0054,1
user_0771,item_0068,1
user_0771,item_0078,1
user_0771,item_0138,1
user_0771,item_0162,1
user_0772,item_0090,5
user_0772,item_0069,2
user_0772,item_0119,2
user_0772,item_0171,2
user_0772,item_0005,1
user_0772,item_0058,1
user_0772,item_0063,1
user_0772,item_0064,1
user_0772,item_0159,1
user_0772,item_0162,1
user_0772,item_0177,1
user_0773,item_0087,5
user_0773,item_0031,2
user_0773,item_0080,2
user_0773,item_0012,1
user_0773,item_0025,1
user_0773,item_0043,1
user_0773,item_0119,1
user_0773,item_0127,1
user_0773,item_0129,1
user_0773,item_0139,1
user_0773,item_0143,1
user_0774,item_0047,5
user_0774,item_0062,5
user_0774,item_0124,5
user_0774,item_0017,1
user_0774,item_0127,1
user_0774,item_0167,1
user_0775,item_0007,5
user_0775,item_0003,2
user_0775,item_0020,2
user_0775,item_0073,2
user_0775,item_0162,2
user_0775,item_0180,2
user_0775,item_0002,1
user_0775,item_0092,1
user_0775,item_0096,1
user_0775,item_0125,1
user_0775,item_0127,1
user_0775,item_0145,1
user_0775,item_0147,1
user_0775,item_0164,1
user_0775,item_0191,1
user_0776,item_0169,5
user_0776,item_0010,2
user_0776,item_0013,2
user_0776,item_0022,2
user_0776,item_0065,2
user_0776,item_0017,1
user_0776,item_0042,1
user_0776,item_0079,1
user_0776,item_0109,1
user_0776,item_0117,1
user_0776,item_0120,1
user_0776,item_0143,1
user_0776,item_0165,1
user_0777,item_0121,5
user_0777,item_0015,2
user_0777,item_0020,2
user_0777,item_0027,2
user_0777,item_0164,2
user_0777,item_0012,1
user_0777,item_0017,1
user_0777,item_0051,1
user_0777,item_0053,1
user_0777,item_0084,1
user_0777,item_0088,1
user_0777,item_0096,1
user_0777,item_0102,1
user_0777,item_0108,1
user_0777,item_0143,1
user_0777,item_0160,1
user_0777,item_0174,1
user_0777,item_0184,1
user_0778,item_0064,5
user_0778,item_0066,5
user_0778,item_0149,5
user_0778,item_0187,5
user_0778,item_0030,2
user_0778,item_0065,2
user_0778,item_0074,2
user_0778,item_0145,2
user_0778,item_0001,1
user_0778,item_0015,1
user_0778,item_0024,1
user_0778,item_0032,1
user_0778,item_0059,1
user_0778,item_0061,1
user_0778,item_0063,1
user_0778,item_0084,1
user_0778,item_0096,1
user_0778,item_0100,1
user_0778,item_0105,1
user_0778,item_0132,1
user_0778,item_0189,1
user_0778,item_0196,1
user_0779,item_0080,5
user_0779,item_0131,2
user_0779,item_0148,2
user_0779,item_0157,2
user_0779,item_0000,1
user_0779,item_0006,1
user_0779,item_0019,1
user_0779,item_0094,1
user_0779,item_0104,1
user_0779,item_0137,1
user_0779,item_0188,1
user_0780,item_0089,5
user_0780,item_0098,5
user_0780,item_0139,5
user_0780,item_0197,5
user_0780,item_0060,2
user_0780,item_0024,1
user_0780,item_0025,1
user_0780,item_0058,1
user_0780,item_0093,1
user_0780,item_0103,1
user_0780,item_0128,1
user_0780,item_0130,1
user_0780,item_0153,1
user_0780,item_0178,1
user_0780,item_0191,1
user_0780,item_0194,1
user_0780,item_0196,1
user_0781,item_0047,5
user_0781,item_0014,2
user_0781,item_0053,2
user_0781,item_0137,2
user_0781,item_0182,2
user_0781,item_0000,1
user_0781,item_0004,1
user_0781,item_0027,1
user_0781,item_0032,1
user_0781,item_0049,1
user_0781,item_0098,1
user_0781,item_0157,1
user_0781,item_0189,1
user_0782,item_0075,5
user_0782,item_0022,2
user_0782,item_0050,2
user_0782,item_0177,2
user_0782,item_0024,1
user_0782,item_0045,1
user_0782,item_0053,1
user_0782,item_0054,1
user_0782,item_0076,1
user_0782,item_0079,1
user_0782,item_0154,1
user_0782,item_0164,1
user_0782,item_0186,1
user_0783,item_0029,5
user_0783,item_0086,2
user_0783,item_0152,2
user_0783,item_0181,2
user_0783,item_0184,2
user_0783,item_0023,1
user_0783,item_0026,1
user_0783,item_0028,1
user_0783,item_0088,1
user_0783,item_0090,1
user_0783,item_0091,1
user_0783,item_0105,1
user_0783,item_0130,1
user_0783,item_0190,1
user_0783,item_0195,1
user_0784,item_0011,5
user_0784,item_0137,5
user_0784,item_0035,2
user_0784,item_0040,2
user_0784,item_0113,2
user_0784,item_0122,2
user_0784,item_0127,2
user_0784,item_0190,2
user_0784,item_0058,1
user_0784,item_0059,1
user_0784,item_0060,1
user_0784,item_0061,1
user_0784,item_0062,1
user_0784,item_0077,1
user_0784,item_0090,1
user_0784,item_0093,1
user_0784,item_0097,1
user_0784,item_0100,1
user_0784,item_0105,1
user_0784,item_0126,1
user_0784,item_0144,1
user_0784,item_0178,1
user_0784,item_0179,1
user_0784,item_0182,1
user_0785,item_0111,5
user_0785,item_0044,2
user_0785,item_0141,2
user_0785,item_0162,2
user_0785,item_0183,2
user_0785,item_0011,1
user_0785,item_0060,1
user_0785,item_0067,1
user_0785,item_0073,1
user_0785,item_0082,1
user_0785,item_0094,1
user_0785,item_0117,1
user_0785,item_0124,1
user_0785,item_0143,1
user_0785,item_0153,1
user_0785,item_0154,1
user_0785,item_0163,1
user_0785,item_0169,1
user_0785,item_0192,1
user_0786,item_0182,1
user_0787,item_0059,5
user_0787,item_0089,5
user_0787,item_0019,2
user_0787,item_0032,2
user_0787,item_0034,2
user_0787,item_0126,2
user_0787,item_0167,2
user_0787,item_0017,1
user_0787,item_0091,1
user_0787,item_0129,1
user_0787,item_0147,1
user_0787,item_0148,1
user_0787,item_0175,1
user_0787,item_0189,1
user_0787,item_0193,1
user_0788,item_0041,5
user_0788,item_0109,5
user_0788,item_0140,5
user_0788,item_0079,2
user_0788,item_0105,2
user_0788,item_0188,2
user_0788,item_0193,2
user_0788,item_0005,1
user_0788,item_0022,1
user_0788,item_0032,1
user_0788,item_0034,1
user_0788,item_0037,1
user_0788,item_0042,1
user_0788,item_0058,1
user_0788,item_0061,1
user_0788,item_0065,1
user_0788,item_0128,1
user_0788,item_0129,1
user_0788,item_0194,1
user_0789,item_0132,5
user_0789,item_0139,2
user_0789,item_0152,2
user_0789,item_0180,2
user_0789,item_0001,1
user_0789,item_0005,1
user_0789,item_0010,1
user_0789,item_0026,1
user_0789,item_0043,1
user_0789,item_0063,1
user_0789,item_0070,1
user_0789,item_0142,1
user_0789,item_0163,1
user_0790,item_0043,5
user_0790,item_0074,5
user_0790,item_0004,2
user_0790,item_0006,2
user_0790,item_0071,2
user_0790,item_0151,2
user_0790,item_0186,2
user_0790,item_0198,2
user_0790,item_0010,1
user_0790,item_0021,1
user_0790,item_0058,1
user_0790,item_0061,1
user_0790,item_0070,1
user_0790,item_0083,1
user_0790,item_0091,1
user_0790,item_0094,1
user_0790,item_0133,1
user_0790,item_0134,1
user_0790,item_0139,1
user_0790,item_0140,1
user_0790,item_0179,1
user_0790,item_0197,1
user_0791,item_0135,5
user_0791,item_0042,1
user_0791,item_0060,1
user_0791,item_0097,1
user_0791,item_0098,1
user_0791,item_0120,1
user_0791,item_0152,1
user_0791,item_0157,1
user_0791,item_0158,1
user_0791,item_0195,1
user_0792,item_0037,2
user_0792,item_0135,2
user_0792,item_0166,2
user_0792,item_0029,1
user_0792,item_0096,1
user_0792,item_0157,1
user_0792,item_0168,1
user_0792,item_0177,1
user_0793,item_0023,5
user_0793,item_0100,5
user_0793,item_0131,5
user_0793,item_0151,5
user_0793,item_0152,5
user_0793,item_0012,2
user_0793,item_0034,2
user_0793,item_0101,2
user_0793,item_0171,2
user_0793,item_0014,1
user_0793,item_0020,1
user_0793,item_0063,1
user_0793,item_0069,1
user_0793,item_0087,1
user_0793,item_0122,1
user_0793,item_0129,1
user_0793,item_0166,1
user_0793,item_0181,1
user_0793,item_0184,1
user_0793,item_0197,1
user_0794,item_0034,2
user_0794,item_0046,2
user_0794,item_0090,2
user_0794,item_0011,1
user_0794,item_0026,1
user_0794,item_0036,1
user_0794,item_0055,1
user_0794,item_0067,1
user_0794,item_0069,1
user_0794,item_0085,1
user_0794,item_0097,1
user_0794,item_0129,1
user_0794,item_0182,1
user_0795,item_0081,5
user_0795,item_0043,1
user_0795,item_0074,1
user_0795,item_0086,1
user_0795,item_0125,1
user_0795,item_0172,1
user_0796,item_0188,5
user_0796,item_0198,5
user_0796,item_0017,2
user_0796,item_0025,2
user_0796,item_0043,2
user_0796,item_0072,2
user_0796,item_0113,2
user_0796,item_0115,2
user_0796,item_0150,2
user_0796,item_0035,1
user_0796,item_0037,1
user_0796,item_0041,1
user_0796,item_0048,1
user_0796,item_0054,1
user_0796,item_0066,1
user_0796,item_0094,1
user_0796,item_0103,1
user_0796,item_0117,1
user_0796,item_0140,1
user_0796,item_0148,1
user_0796,item_0158,1
user_0796,item_0168,1
user_0796,item_0196,1
user_0797,item_0014,5
user_0797,item_0089,5
user_0797,item_0139,5
user_0797,item_0011,2
user_0797,item_0025,2
user_0797,item_0035,2
user_0797,item_0073,2
user_0797,item_0097,2
user_0797,item_0165,2
user_0797,item_0168,2
user_0797,item_0040,1
user_0797,item_0046,1
user_0797,item_0048,1
user_0797,item_0072,1
user_0797,item_0083,1
user_0797,item_0108,1
user_0797,item_0134,1
user_0797,item_0143,1
user_0797,item_0148,1
user_0797,item_0151,1
user_0797,item_0156,1
user_0797,item_0196,1
user_0798,item_0096,5
user_0798,item_0196,5
user_0798,item_0118,2
user_0798,item_0156,2
user_0798,item_0006,1
user_0798,item_0078,1
user_0798,item_0090,1
user_0798,item_0105,1
user_0798,item_0109,1
user_0798,item_0136,1
user_0798,item_0140,1
user_0798,item_0148,1
user_0799,item_0057,5
user_0799,item_0112,5
user_0799,item_0005,2
user_0799,item_0027,2
user_0799,item_0034,2
user_0799,item_0062,2
user_0799,item_0086,2
user_0799,item_0186,2
user_0799,item_0012,1
user_0799,item_0036,1
user_0799,item_0060,1
user_0799,item_0111,1
user_0799,item_0128,1
user_0799,item_0129,1
user_0799,item_0132,1
user_0799,item_0148,1
user_0799,item_0182,1
user_0799,item_0192,1
user_0800,item_0031,5
user_0800,item_0103,5
user_0800,item_0133,5
user_0800,item_0023,2
user_0800,item_0015,1
user_0800,item_0019,1
user_0800,item_0072,1
user_0800,item_0080,1
user_0800,item_0112,1
user_0800,item_0153,1
user_0800,item_0165,1
user_0800,item_0198,1
user_0801,item_0081,2
user_0801,item_0146,2
user_0801,item_0042,1
user_0801,item_0056,1
user_0801,item_0071,1
user_0801,item_0072,1
user_0801,item_0076,1
user_0801,item_0105,1
user_0801,item_0150,1
user_0802,item_0051,5
user_0802,item_0099,5
user_0802,item_0121,5
user_0802,item_0126,5
user_0802,item_0004,2
user_0802,item_0036,2
user_0802,item_0058,2
user_0802,item_0116,2
user_0802,item_0183,2
user_0802,item_0186,2
user_0802,item_0013,1
user_0802,item_0019,1
user_0802,item_0059,1
user_0802,item_0072,1
user_0802,item_0073,1
user_0802,item_0140,1
user_0802,item_0148,1
user_0802,item_0159,1
user_0802,item_0174,1
user_0803,item_0092,5
user_0803,item_0181,5
user_0803,item_0032,2
user_0803,item_0158,2
user_0803,item_0007,1
user_0803,item_0022,1
user_0803,item_0148,1
user_0803,item_0166,1
user_0803,item_0195,1
user_0804,item_0087,2
user_0804,item_0069,1
user_0804,item_0112,1
user_0804,item_0119,1
user_0804,item_0182,1
user_0804,item_0186,1
user_0805,item_0007,2
user_0805,item_0126,2
user_0805,item_0163,2
user_0805,item_0044,1
user_0805,item_0058,1
user_0805,item_0065,1
user_0805,item_0069,1
user_0805,item_0121,1
user_0806,item_0017,5
user_0806,item_0075,5
user_0806,item_0080,5
user_0806,item_0166,5
user_0806,item_0140,2
user_0806,item_0033,1
user_0806,item_0052,1
user_0806,item_0136,1
user_0806,item_0150,1
user_0806,item_0164,1
user_0807,item_0010,5
user_0807,item_0055,5
user_0807,item_0066,5
user_0807,item_0103,5
user_0807,item_0145,5
user_0807,item_0137,2
user_0807,item_0173,2
user_0807,item_0182,2
user_0807,item_0193,2
user_0807,item_0005,1
user_0807,item_0013,1
user_0807,item_0020,1
user_0807,item_0045,1
user_0807,item_0051,1
user_0807,item_0052,1
user_0807,item_0093,1
user_0807,item_0153,1
user_0807,item_0161,1
user_0807,item_0188,1
user_0808,item_0111,5
user_0808,item_0125,5
user_0808,item_0026,2
user_0808,item_0052,2
user_0808,item_0099,2
user_0808,item_0181,2
user_0808,item_0040,1
user_0808,item_0047,1
user_0808,item_0106,1
user_0809,item_0097,2
user_0809,item_0018,1
user_0809,item_0024,1
user_0809,item_0037,1
user_0809,item_0083,1
user_0809,item_0119,1
user_0809,item_0126,1
user_0809,item_0155,1
user_0809,item_0185,1
user_0809,item_0190,1
user_0810,item_0054,5
user_0810,item_0170,5
user_0810,item_0068,2
user_0810,item_0027,1
user_0810,item_0083,1
user_0810,item_0152,1
user_0811,item_0019,5
user_0811,item_0022,2
user_0811,item_0080,2
user_0811,item_0173,2
user_0811,item_0055,1
user_0811,item_0059,1
user_0811,item_0090,1
user_0811,item_0113,1
user_0811,item_0142,1
user_0811,item_0152,1
user_0811,item_0175,1
user_0812,item_0033,2
user_0812,item_0059,2
user_0812,item_0072,2
user_0812,item_0094,2
user_0812,item_0134,2
user_0812,item_0146,2
user_0812,item_0151,2
user_0812,item_0013,1
user_0812,item_0068,1
user_0812,item_0106,1
user_0812,item_0113,1
user_0812,item_0122,1
user_0812,item_0130,1
user_0812,item_0148,1
user_0812,item_0155,1
user_0812,item_0159,1
user_0812,item_0161,1
user_0812,item_0178,1
user_0813,item_0035,5
user_0813,item_0121,5
user_0813,item_0004,2
user_0813,item_0022,2
user_0813,item_0052,2
user_0813,item_0083,2
user_0813,item_0097,2
user_0813,item_0098,2
user_0813,item_0132,2
user_0813,item_0146,2
user_0813,item_0021,1
user_0813,item_0059,1
user_0813,item_0062,1
user_0813,item_0074,1
user_0813,item_0075,1
user_0813,item_0112,1
user_0813,item_0126,1
user_0813,item_0155,1
user_0813,item_0172,1
user_0813,item_0179,1
user_0814,item_0000,2
user_0814,item_0005,2
user_0814,item_0018,2
user_0814,item_0102,2
user_0814,item_0110,2
user_0814,item_0187,2
user_0814,item_0195,2
user_0814,item_0069,1
user_0814,item_0080,1
user_0814,item_0090,1
user_0814,item_0096,1
user_0814,item_0129,1
user_0814,item_0180,1
user_0815,item_0176,5
user_0815,item_0029,2
user_0815,item_0068,2
user_0815,item_0080,2
user_0815,item_0099,2
user_0815,item_0173,2
user_0815,item_0007,1
user_0815,item_0047,1
user_0815,item_0085,1
user_0815,item_0139,1
user_0815,item_0140,1
user_0815,item_0147,1
user_0815,item_0148,1
user_0815,item_0155,1
user_0815,item_0163,1
user_0815,item_0197,1
user_0816,item_0095,5
user_0816,item_0092,2
user_0816,item_0040,1
user_0816,item_0048,1
user_0816,item_0050,1
user_0816,item_0069,1
user_0816,item_0094,1
user_0816,item_0136,1
user_0816,item_0158,1
user_0816,item_0166,1
user_0817,item_0107,5
user_0817,item_0199,5
user_0817,item_0003,2
user_0817,item_0136,2
user_0817,item_0164,2
user_0817,item_0171,2
user_0817,item_0189,2
user_0817,item_0002,1
user_0817,item_0004,1
user_0817,item_0033,1
user_0817,item_0041,1
user_0817,item_0051,1
user_0817,item_0083,1
user_0817,item_0084,1
user_0817,item_0101,1
user_0817,item_0110,1
user_0817,item_0153,1
user_0817,item_0177,1
user_0817,item_0184,1
user_0818,item_0078,5
user_0818,item_0086,5
user_0818,item_0018,2
user_0818,item_0019,2
user_0818,item_0047,2
user_0818,item_0141,2
user_0818,item_0006,1
user_0818,item_0011,1
user_0818,item_0013,1
user_0818,item_0040,1
user_0818,item_0051,1
user_0818,item_0058,1
user_0818,item_0074,1
user_0818,item_0107,1
user_0818,item_0118,1
user_0818,item_0137,1
user_0818,item_0145,1
user_0818,item_0151,1
user_0818,item_0161,1
user_0818,item_0171,1
user_0818,item_0178,1
user_0818,item_0198,1
user_0819,item_0045,5
user_0819,item_0122,5
user_0819,item_0018,2
user_0819,item_0030,2
user_0819,item_0066,2
user_0819,item_0150,2
user_0819,item_0169,2
user_0819,item_0185,2
user_0819,item_0027,1
user_0819,item_0029,1
user_0819,item_0031,1
user_0819,item_0050,1
user_0819,item_0068,1
user_0819,item_0109,1
user_0819,item_0117,1
user_0819,item_0126,1
user_0819,item_0144,1
user_0819,item_0163,1
user_0819,item_0166,1
user_0820,item_0036,2
user_0820,item_0079,2
user_0820,item_0096,2
user_0820,item_0199,2
user_0820,item_0011,1
user_0820,item_0012,1
user_0820,item_0020,1
user_0820,item_0034,1
user_0820,item_0040,1
user_0820,item_0044,1
user_0820,item_0057,1
user_0820,item_0107,1
user_0820,item_0121,1
user_0820,item_0141,1
user_0820,item_0188,1
user_0820,item_0194,1
user_0821,item_0173,5
user_0821,item_0059,2
user_0821,item_0172,2
user_0821,item_0199,2
user_0821,item_0006,1
user_0821,item_0027,1
user_0821,item_0051,1
user_0821,item_0054,1
user_0821,item_0104,1
user_0821,item_0113,1
user_0821,item_0114,1
user_0821,item_0117,1
user_0821,item_0126,1
user_0821,item_0141,1
user_0821,item_0147,1
user_0821,item_0178,1
user_0821,item_0198,1
user_0822,item_0037,5
user_0822,item_0093,5
user_0822,item_0094,5
user_0822,item_0148,5
user_0822,item_0010,2
user_0822,item_0039,2
user_0822,item_0110,2
user_0822,item_0186,2
user_0822,item_0015,1
user_0822,item_0029,1
user_0822,item_0050,1
user_0822,item_0072,1
user_0822,item_0081,1
user_0822,item_0086,1
user_0822,item_0098,1
user_0822,item_0131,1
user_0822,item_0135,1
user_0822,item_0139,1
user_0822,item_0158,1
user_0822,item_0163,1
user_0822,item_0171,1
user_0822,item_0185,1
user_0822,item_0189,1
user_0823,item_0072,2
user_0823,item_0179,2
user_0823,item_0027,1
user_0823,item_0089,1
user_0823,item_0138,1
user_0823,item_0182,1
user_0824,item_0015,5
user_0824,item_0103,5
user_0824,item_0182,5
user_0824,item_0125,2
user_0824,item_0129,2
user_0824,item_0177,2
user_0824,item_0195,2
user_0824,item_0000,1
user_0824,item_0036,1
user_0824,item_0045,1
user_0824,item_0063,1
user_0824,item_0077,1
user_0824,item_0146,1
user_0824,item_0154,1
user_0824,item_0164,1
user_0824,item_0167,1
user_0824,item_0178,1
user_0825,item_0084,2
user_0825,item_0064,1
user_0825,item_0161,1
user_0825,item_0172,1
user_0826,item_0049,5
user_0826,item_0053,5
user_0826,item_0140,5
user_0826,item_0158,5
user_0826,item_0015,2
user_0826,item_0070,2
user_0826,item_0079,2
user_0826,item_0107,2
user_0826,item_0152,2
user_0826,item_0013,1
user_0826,item_0014,1
user_0826,item_0089,1
user_0826,item_0093,1
user_0826,item_0094,1
user_0826,item_0098,1
user_0826,item_0101,1
user_0826,item_0112,1
user_0826,item_0142,1
user_0826,item_0174,1
user_0826,item_0176,1
user_0826,item_0177,1
user_0826,item_0184,1
user_0827,item_0009,5
user_0827,item_0126,5
user_0827,item_0168,5
user_0827,item_0010,2
user_0827,item_0050,2
user_0827,item_0054,2
user_0827,item_0058,2
user_0827,item_0086,2
user_0827,item_0096,2
user_0827,item_0113,2
user_0827,item_0060,1
user_0827,item_0072,1
user_0827,item_0089,1
user_0827,item_0093,1
user_0827,item_0185,1
user_0828,item_0011,1
user_0828,item_0029,1
user_0828,item_0043,1
user_0828,item_0110,1
user_0828,item_0136,1
user_0828,item_0138,1
user_0828,item_0147,1
user_0828,item_0165,1
user_0828,item_0175,1
user_0829,item_0133,5
user_0829,item_0055,2
user_0829,item_0062,2
user_0829,item_0083,2
user_0829,item_0009,1
user_0830,item_0057,5
user_0830,item_0058,5
user_0830,item_0078,5
user_0830,item_0004,2
user_0830,item_0096,2
user_0830,item_0152,2
user_0830,item_0017,1
user_0830,item_0028,1
user_0830,item_0032,1
user_0830,item_0036,1
user_0830,item_0038,1
user_0830,item_0042,1
user_0830,item_0068,1
user_0830,item_0072,1
user_0830,item_0105,1
user_0830,item_0120,1
user_0830,item_0147,1
user_0830,item_0151,1
user_0830,item_0156,1
user_0830,item_0164,1
user_0830,item_0169,1
user_0830,item_0190,1
user_0831,item_0178,5
user_0831,item_0051,2
user_0831,item_0001,1
user_0831,item_0081,1
user_0831,item_0148,1
user_0832,item_0056,5
user_0832,item_0087,5
user_0832,item_0187,2
user_0832,item_0052,1
user_0832,item_0068,1
user_0832,item_0090,1
user_0832,item_0106,1
user_0833,item_0012,5
user_0833,item_0070,5
user_0833,item_0126,5
user_0833,item_0194,5
user_0833,item_0027,2
user_0833,item_0007,1
user_0833,item_0042,1
user_0833,item_0044,1
user_0833,item_0060,1
user_0833,item_0086,1
user_0833,item_0102,1
user_0833,item_0130,1
user_0833,item_0132,1
user_0833,item_0146,1
user_0833,item_0147,1
user_0833,item_0166,1
user_0833,item_0169,1
user_0833,item_0187,1
user_0834,item_0017,2
user_0834,item_0028,1
user_0834,item_0055,1
user_0835,item_0021,5
user_0835,item_0028,5
user_0835,item_0061,2
user_0835,item_0071,2
user_0835,item_0119,2
user_0835,item_0190,2
user_0835,item_0047,1
user_0835,item_0090,1
user_0835,item_0131,1
user_0835,item_0194,1
user_0835,item_0196,1
user_0836,item_0013,2
user_0836,item_0016,1
user_0836,item_0032,1
user_0836,item_0033,1
user_0836,item_0064,1
user_0836,item_0068,1
user_0836,item_0074,1
user_0836,item_0081,1
user_0836,item_0104,1
user_0836,item_0113,1
user_0836,item_0164,1
user_0837,item_0046,5
user_0837,item_0053,5
user_0837,item_0068,2
user_0837,item_0038,1
user_0837,item_0096,1
user_0837,item_0150,1
user_0837,item_0175,1
user_0838,item_0078,5
user_0838,item_0158,5
user_0838,item_0098,2
user_0838,item_0142,2
user_0838,item_0055,1
user_0838,item_0089,1
user_0838,item_0112,1
user_0839,item_0139,5
user_0839,item_0056,2
user_0839,item_0112,2
user_0839,item_0127,2
user_0839,item_0010,1
user_0839,item_0015,1
user_0839,item_0032,1
user_0839,item_0035,1
user_0839,item_0039,1
user_0839,item_0060,1
user_0839,item_0076,1
user_0839,item_0103,1
user_0839,item_0106,1
user_0839,item_0113,1
user_0839,item_0123,1
user_0839,item_0194,1
user_0840,item_0127,1
user_0841,item_0086,5
user_0841,item_0112,2
user_0841,item_0192,2
user_0841,item_0010,1
user_0841,item_0031,1
user_0841,item_0038,1
user_0841,item_0077,1
user_0841,item_0078,1
user_0841,item_0092,1
user_0841,item_0098,1
user_0841,item_0116,1
user_0841,item_0133,1
user_0841,item_0138,1
user_0841,item_0139,1
user_0841,item_0140,1
user_0841,item_0142,1
user_0841,item_0194,1
user_0842,item_0143,5
user_0842,item_0019,2
user_0842,item_0067,2
user_0842,item_0088,2
user_0842,item_0093,2
user_0842,item_0108,2
user_0842,item_0001,1
user_0842,item_0042,1
user_0842,item_0071,1
user_0842,item_0123,1
user_0842,item_0152,1
user_0843,item_0037,5
user_0843,item_0001,1
user_0843,item_0026,1
user_0843,item_0049,1
user_0843,item_0143,1
user_0843,item_0155,1
user_0843,item_0161,1
user_0843,item_0166,1
user_0844,item_0091,5
user_0844,item_0004,2
user_0844,item_0028,1
user_0844,item_0037,1
user_0844,item_0055,1
user_0844,item_0064,1
user_0844,item_0150,1
user_0845,item_0193,5
user_0845,item_0054,2
user_0845,item_0077,2
user_0845,item_0185,2
user_0845,item_0198,2
user_0845,item_0025,1
user_0845,item_0070,1
user_0845,item_0081,1
user_0845,item_0095,1
user_0845,item_0101,1
user_0845,item_0110,1
user_0845,item_0164,1
user_0845,item_0194,1
user_0846,item_0106,5
user_0846,item_0030,2
user_0846,item_0034,2
user_0846,item_0069,2
user_0846,item_0072,2
user_0846,item_0077,2
user_0846,item_0101,2
user_0846,item_0147,2
user_0846,item_0008,1
user_0846,item_0010,1
user_0846,item_0040,1
user_0846,item_0052,1
user_0846,item_0064,1
user_0846,item_0075,1
user_0846,item_0093,1
user_0846,item_0094,1
user_0846,item_0189,1
user_0847,item_0027,5
user_0847,item_0079,5
user_0847,item_0098,5
user_0847,item_0052,2
user_0847,item_0058,2
user_0847,item_0092,2
user_0847,item_0198,2
user_0847,item_0026,1
user_0847,item_0067,1
user_0847,item_0070,1
user_0847,item_0096,1
user_0847,item_0121,1
user_0847,item_0125,1
user_0847,item_0139,1
user_0847,item_0148,1
user_0847,item_0152,1
user_0847,item_0173,1
user_0848,item_0026,5
user_0848,item_0041,5
user_0848,item_0132,5
user_0848,item_0007,2
user_0848,item_0027,1
user_0848,item_0134,1
user_0848,item_0151,1
user_0848,item_0157,1
user_0848,item_0195,1
user_0849,item_0043,2
user_0849,item_0133,2
user_0849,item_0032,1
user_0849,item_0064,1
user_0849,item_0125,1
user_0849,item_0166,1
user_0850,item_0083,5
user_0850,item_0016,2
user_0850,item_0133,2
user_0850,item_0014,1
user_0850,item_0025,1
user_0850,item_0031,1
user_0850,item_0060,1
user_0850,item_0109,1
user_0850,item_0119,1
user_0850,item_0124,1
user_0850,item_0138,1
user_0850,item_0143,1
user_0850,item_0155,1
user_0850,item_0170,1
user_0851,item_0012,2
user_0851,item_0040,2
user_0851,item_0105,1
user_0851,item_0133,1
user_0852,item_0098,2
user_0852,item_0146,1
user_0852,item_0175,1
user_0852,item_0189,1
user_0853,item_0073,5
user_0853,item_0081,5
user_0853,item_0194,5
user_0853,item_0160,2
user_0853,item_0176,2
user_0853,item_0006,1
user_0853,item_0014,1
user_0853,item_0019,1
user_0853,item_0033,1
user_0853,item_0048,1
user_0853,item_0089,1
user_0853,item_0099,1
user_0853,item_0106,1
user_0853,item_0112,1
user_0853,item_0119,1
user_0853,item_0128,1
user_0853,item_0135,1
user_0853,item_0151,1
user_0853,item_0175,1
user_0853,item_0191,1
user_0854,item_0027,5
user_0854,item_0040,5
user_0854,item_0041,5
user_0854,item_0187,5
user_0854,item_0029,1
user_0854,item_0136,1
user_0854,item_0137,1
user_0855,item_0070,5
user_0855,item_0074,5
user_0855,item_0118,5
user_0855,item_0022,1
user_0855,item_0056,1
user_0855,item_0127,1
user_0855,item_0141,1
user_0855,item_0197,1
user_0856,item_0119,5
user_0856,item_0179,5
user_0856,item_0063,2
user_0856,item_0157,2
user_0856,item_0098,1
user_0856,item_0122,1
user_0857,item_0008,2
user_0857,item_0024,2
user_0857,item_0085,2
user_0857,item_0100,2
user_0857,item_0138,2
user_0857,item_0157,2
user_0857,item_0038,1
user_0857,item_0045,1
user_0857,item_0180,1
user_0858,item_0014,5
user_0858,item_0029,5
user_0858,item_0035,5
user_0858,item_0060,5
user_0858,item_0061,5
user_0858,item_0027,2
user_0858,item_0032,2
user_0858,item_0079,2
user_0858,item_0080,2
user_0858,item_0097,2
user_0858,item_0195,2
user_0858,item_0007,1
user_0858,item_0011,1
user_0858,item_0020,1
user_0858,item_0040,1
user_0858,item_0051,1
user_0858,item_0122,1
user_0858,item_0128,1
user_0858,item_0138,1
user_0858,item_0192,1
user_0859,item_0003,5
user_0859,item_0114,5
user_0859,item_0156,5
user_0859,item_0192,5
user_0859,item_0038,2
user_0859,item_0058,2
user_0859,item_0069,2
user_0859,item_0190,2
user_0859,item_0135,1
user_0859,item_0151,1
user_0860,item_0050,5
user_0860,item_0151,5
user_0860,item_0015,2
user_0860,item_0044,2
user_0860,item_0061,2
user_0860,item_0003,1
user_0860,item_0027,1
user_0860,item_0045,1
user_0860,item_0049,1
user_0860,item_0060,1
user_0860,item_0086,1
user_0860,item_0089,1
user_0860,item_0114,1
user_0860,item_0136,1
user_0860,item_0169,1
user_0861,item_0124,2
user_0861,item_0150,2
user_0861,item_0017,1
user_0861,item_0023,1
user_0861,item_0044,1
user_0861,item_0050,1
user_0861,item_0085,1
user_0861,item_0171,1
user_0862,item_0027,5
user_0862,item_0056,5
user_0862,item_0062,5
user_0862,item_0153,5
user_0862,item_0021,2
user_0862,item_0074,2
user_0862,item_0093,2
user_0862,item_0147,2
user_0862,item_0005,1
user_0862,item_0008,1
user_0862,item_0065,1
user_0862,item_0069,1
user_0862,item_0072,1
user_0862,item_0080,1
user_0862,item_0086,1
user_0862,item_0088,1
user_0862,item_0098,1
user_0862,item_0103,1
user_0862,item_0109,1
user_0862,item_0117,1
user_0862,item_0130,1
user_0862,item_0135,1
user_0862,item_0141,1
user_0862,item_0183,1
user_0862,item_0192,1
user_0862,item_0197,1
user_0863,item_0157,2
user_0863,item_0076,1
user_0863,item_0097,1
user_0863,item_0193,1
user_0864,item_0025,5
user_0864,item_0083,5
user_0864,item_0126,5
user_0864,item_0135,5
user_0864,item_0141,2
user_0864,item_0148,2
user_0864,item_0149,2
user_0864,item_0012,1
user_0864,item_0016,1
user_0864,item_0018,1
user_0864,item_0019,1
user_0864,item_0028,1
user_0864,item_0047,1
user_0864,item_0067,1
user_0864,item_0123,1
user_0864,item_0132,1
user_0864,item_0133,1
user_0864,item_0154,1
user_0864,item_0155,1
user_0864,item_0182,1
user_0864,item_0197,1
user_0865,item_0079,5
user_0865,item_0137,5
user_0865,item_0185,5
user_0865,item_0017,2
user_0865,item_0155,2
user_0865,item_0011,1
user_0865,item_0015,1
user_0865,item_0018,1
user_0865,item_0019,1
user_0865,item_0024,1
user_0865,item_0027,1
user_0865,item_0051,1
user_0865,item_0063,1
user_0865,item_0102,1
user_0865,item_0119,1
user_0865,item_0133,1
user_0865,item_0153,1
user_0865,item_0188,1
user_0865,item_0189,1
user_0866,item_0009,5
user_0866,item_0104,5
user_0866,item_0198,5
user_0866,item_0023,2
user_0866,item_0092,2
user_0866,item_0109,2
user_0866,item_0190,2
user_0866,item_0003,1
user_0866,item_0007,1
user_0866,item_0037,1
user_0866,item_0066,1
user_0866,item_0085,1
user_0866,item_0086,1
user_0866,item_0097,1
user_0866,item_0110,1
user_0866,item_0112,1
user_0866,item_0136,1
user_0866,item_0140,1
user_0866,item_0141,1
user_0866,item_0146,1
user_0866,item_0154,1
user_0866,item_0155,1
user_0866,item_0160,1
user_0866,item_0173,1
user_0866,item_0196,1
user_0866,item_0199,1
user_0867,item_0078,2
user_0867,item_0021,1
user_0867,item_0081,1
user_0867,item_0144,1
user_0867,item_0172,1
user_0868,item_0108,5
user_0868,item_0169,5
user_0868,item_0185,5
user_0868,item_0020,2
user_0868,item_0032,2
user_0868,item_0089,2
user_0868,item_0106,2
user_0868,item_0191,2
user_0868,item_0077,1
user_0868,item_0085,1
user_0868,item_0096,1
user_0868,item_0182,1
user_0869,item_0061,2
user_0869,item_0003,1
user_0869,item_0009,1
user_0869,item_0027,1
user_0869,item_0028,1
user_0869,item_0049,1
user_0869,item_0123,1
user_0869,item_0149,1
user_0869,item_0154,1
user_0869,item_0156,1
user_0869,item_0165,1
user_0869,item_0187,1
user_0869,item_0192,1
user_0870,item_0007,5
user_0870,item_0186,5
user_0870,item_0019,2
user_0870,item_0051,2
user_0870,item_0057,2
user_0870,item_0111,2
user_0870,item_0152,2
user_0870,item_0181,2
user_0870,item_0006,1
user_0870,item_0022,1
user_0870,item_0023,1
user_0870,item_0024,1
user_0870,item_0054,1
user_0870,item_0062,1
user_0870,item_0092,1
user_0870,item_0100,1
user_0870,item_0102,1
user_0870,item_0104,1
user_0870,item_0120,1
user_0870,item_0139,1
user_0870,item_0150,1
user_0870,item_0187,1
user_0871,item_0096,5
user_0871,item_0157,5
user_0871,item_0008,2
user_0871,item_0035,2
user_0871,item_0028,1
user_0871,item_0044,1
user_0871,item_0071,1
user_0871,item_0086,1
user_0871,item_0095,1
user_0871,item_0115,1
user_0871,item_0120,1
user_0871,item_0123,1
user_0871,item_0131,1
user_0871,item_0134,1
user_0871,item_0173,1
user_0871,item_0185,1
user_0871,item_0189,1
user_0872,item_0007,2
user_0872,item_0136,2
user_0872,item_0191,2
user_0872,item_0006,1
user_0872,item_0036,1
user_0872,item_0070,1
user_0872,item_0084,1
user_0872,item_0102,1
user_0872,item_0104,1
user_0872,item_0120,1
user_0872,item_0121,1
user_0872,item_0123,1
user_0872,item_0127,1
user_0872,item_0145,1
user_0872,item_0149,1
user_0872,item_0151,1
user_0872,item_0176,1
user_0873,item_0109,2
user_0873,item_0171,2
user_0873,item_0175,2
user_0873,item_0180,2
user_0873,item_0012,1
user_0873,item_0039,1
user_0873,item_0092,1
user_0873,item_0106,1
user_0873,item_0159,1
user_0874,item_0148,5
user_0874,item_0173,5
user_0874,item_0040,2
user_0874,item_0064,2
user_0874,item_0073,2
user_0874,item_0088,2
user_0874,item_0147,2
user_0874,item_0166,2
user_0874,item_0167,2
user_0874,item_0199,2
user_0874,item_0077,1
user_0874,item_0081,1
user_0874,item_0084,1
user_0874,item_0087,1
user_0874,item_0095,1
user_0874,item_0108,1
user_0874,item_0120,1
user_0874,item_0121,1
user_0874,item_0135,1
user_0874,item_0157,1
user_0874,item_0185,1
user_0875,item_0057,2
user_0875,item_0007,1
user_0876,item_0067,5
user_0876,item_0084,2
user_0876,item_0117,2
user_0876,item_0155,2
user_0876,item_0189,2
user_0876,item_0191,2
user_0876,item_0002,1
user_0876,item_0015,1
user_0876,item_0036,1
user_0876,item_0116,1
user_0876,item_0119,1
user_0876,item_0128,1
user_0876,item_0156,1
user_0876,item_0162,1
user_0876,item_0170,1
user_0876,item_0173,1
user_0876,item_0199,1
user_0877,item_0043,5
user_0877,item_0151,2
user_0877,item_0036,1
user_0877,item_0051,1
user_0877,item_0085,1
user_0877,item_0187,1
user_0878,item_0115,5
user_0878,item_0167,5
user_0878,item_0180,5
user_0878,item_0061,2
user_0878,item_0139,2
user_0878,item_0153,2
user_0878,item_0007,1
user_0878,item_0008,1
user_0878,item_0054,1
user_0878,item_0064,1
user_0878,item_0074,1
user_0878,item_0103,1
user_0878,item_0108,1
user_0879,item_0181,1
user_0880,item_0007,5
user_0880,item_0025,5
user_0880,item_0149,5
user_0880,item_0123,2
user_0880,item_0008,1
user_0880,item_0048,1
user_0880,item_0054,1
user_0880,item_0064,1
user_0880,item_0076,1
user_0880,item_0098,1
user_0880,item_0125,1
user_0880,item_0126,1
user_0880,item_0150,1
user_0880,item_0159,1
user_0880,item_0187,1
user_0881,item_0003,5
user_0881,item_0067,5
user_0881,item_0068,5
user_0881,item_0165,5
user_0881,item_0090,2
user_0881,item_0099,2
user_0881,item_0137,2
user_0881,item_0156,2
user_0881,item_0189,2
user_0881,item_0004,1
user_0881,item_0009,1
user_0881,item_0012,1
user_0881,item_0019,1
user_0881,item_0048,1
user_0881,item_0058,1
user_0881,item_0083,1
user_0881,item_0088,1
user_0881,item_0109,1
user_0881,item_0111,1
user_0881,item_0126,1
user_0881,item_0127,1
user_0881,item_0138,1
user_0881,item_0142,1
user_0881,item_0153,1
user_0881,item_0162,1
user_0881,item_0195,1
user_0882,item_0133,5
user_0882,item_0043,2
user_0882,item_0067,2
user_0882,item_0069,2
user_0882,item_0107,2
user_0882,item_0109,2
user_0882,item_0116,2
user_0882,item_0018,1
user_0882,item_0023,1
user_0882,item_0027,1
user_0882,item_0042,1
user_0882,item_0047,1
user_0882,item_0065,1
user_0882,item_0089,1
user_0882,item_0099,1
user_0882,item_0100,1
user_0882,item_0101,1
user_0882,item_0104,1
user_0882,item_0106,1
user_0882,item_0118,1
user_0882,item_0125,1
user_0882,item_0127,1
user_0882,item_0143,1
user_0882,item_0162,1
user_0882,item_0168,1
user_0882,item_0171,1
user_0882,item_0181,1
user_0883,item_0130,5
user_0883,item_0134,2
user_0883,item_0154,2
user_0883,item_0166,2
user_0883,item_0194,2
user_0883,item_0197,2
user_0883,item_0033,1
user_0883,item_0049,1
user_0883,item_0068,1
user_0883,item_0102,1
user_0883,item_0104,1
user_0883,item_0114,1
user_0883,item_0163,1
user_0883,item_0169,1
user_0883,item_0180,1
user_0884,item_0022,5
user_0884,item_0043,5
user_0884,item_0092,5
user_0884,item_0172,5
user_0884,item_0178,5
user_0884,item_0057,2
user_0884,item_0078,2
user_0884,item_0160,2
user_0884,item_0186,2
user_0884,item_0035,1
user_0884,item_0039,1
user_0884,item_0049,1
user_0884,item_0102,1
user_0884,item_0129,1
user_0884,item_0157,1
user_0884,item_0174,1
user_0884,item_0180,1
user_0884,item_0188,1
user_0885,item_0024,5
user_0885,item_0071,5
user_0885,item_0145,5
user_0885,item_0176,2
user_0885,item_0179,2
user_0885,item_0015,1
user_0885,item_0159,1
user_0885,item_0164,1
user_0885,item_0167,1
user_0886,item_0006,2
user_0886,item_0059,2
user_0886,item_0187,2
user_0886,item_0001,1
user_0886,item_0010,1
user_0886,item_0017,1
user_0886,item_0019,1
user_0886,item_0030,1
user_0886,item_0050,1
user_0886,item_0057,1
user_0886,item_0101,1
user_0886,item_0139,1
user_0886,item_0146,1
user_0886,item_0159,1
user_0886,item_0191,1
user_0887,item_0186,5
user_0887,item_0044,2
user_0887,item_0113,2
user_0887,item_0120,2
user_0887,item_0179,2
user_0887,item_0000,1
user_0887,item_0032,1
user_0887,item_0087,1
user_0887,item_0089,1
user_0887,item_0127,1
user_0887,item_0141,1
user_0887,item_0158,1
user_0888,item_0107,5
user_0888,item_0131,5
user_0888,item_0012,2
user_0888,item_0061,2
user_0888,item_0118,2
user_0888,item_0122,2
user_0888,item_0158,2
user_0888,item_0161,2
user_0888,item_0038,1
user_0888,item_0052,1
user_0888,item_0085,1
user_0888,item_0108,1
user_0888,item_0134,1
user_0888,item_0188,1
user_0888,item_0198,1
user_0889,item_0004,5
user_0889,item_0077,5
user_0889,item_0171,5
user_0889,item_0184,5
user_0889,item_0078,2
user_0889,item_0079,2
user_0889,item_0092,2
user_0889,item_0103,2
user_0889,item_0121,2
user_0889,item_0137,2
user_0889,item_0140,2
user_0889,item_0011,1
user_0889,item_0043,1
user_0889,item_0061,1
user_0889,item_0144,1
user_0889,item_0170,1
user_0889,item_0186,1
user_0889,item_0199,1
user_0890,item_0021,2
user_0890,item_0054,2
user_0890,item_0062,2
user_0890,item_0077,2
user_0890,item_0081,2
user_0890,item_0148,2
user_0890,item_0051,1
user_0890,item_0059,1
user_0890,item_0074,1
user_0890,item_0082,1
user_0890,item_0096,1
user_0890,item_0123,1
user_0890,item_0126,1
user_0890,item_0151,1
user_0890,item_0158,1
user_0890,item_0175,1
user_0890,item_0187,1
user_0890,item_0191,1
user_0891,item_0164,5
user_0891,item_0009,2
user_0891,item_0045,2
user_0891,item_0111,2
user_0891,item_0190,2
user_0891,item_0007,1
user_0891,item_0012,1
user_0891,item_0060,1
user_0891,item_0081,1
user_0891,item_0082,1
user_0891,item_0118,1
user_0891,item_0155,1
user_0891,item_0167,1
user_0891,item_0168,1
user_0891,item_0181,1
user_0892,item_0162,2
user_0892,item_0073,1
user_0892,item_0108,1
user_0892,item_0112,1
user_0892,item_0155,1
user_0893,item_0125,5
user_0893,item_0015,2
user_0893,item_0079,2
user_0893,item_0088,2
user_0893,item_0105,2
user_0893,item_0074,1
user_0893,item_0076,1
user_0893,item_0115,1
user_0893,item_0198,1
user_0894,item_0012,5
user_0894,item_0018,5
user_0894,item_0033,5
user_0894,item_0060,5
user_0894,item_0148,5
user_0894,item_0019,2
user_0894,item_0052,1
user_0894,item_0066,1
user_0894,item_0098,1
user_0894,item_0151,1
user_0894,item_0178,1
user_0894,item_0189,1
user_0894,item_0190,1
user_0894,item_0197,1
user_0895,item_0013,5
user_0895,item_0174,5
user_0895,item_0003,2
user_0895,item_0028,2
user_0895,item_0169,2
user_0895,item_0172,2
user_0895,item_0027,1
user_0895,item_0032,1
user_0895,item_0038,1
user_0895,item_0121,1
user_0895,item_0127,1
user_0895,item_0140,1
user_0895,item_0146,1
user_0895,item_0160,1
user_0895,item_0163,1
user_0896,item_0120,5
user_0896,item_0136,5
user_0896,item_0165,5
user_0896,item_0051,2
user_0896,item_0055,2
user_0896,item_0087,2
user_0896,item_0093,2
user_0896,item_0108,2
user_0896,item_0121,2
user_0896,item_0139,2
user_0896,item_0162,2
user_0896,item_0196,2
user_0896,item_0038,1
user_0896,item_0058,1
user_0896,item_0072,1
user_0896,item_0079,1
user_0896,item_0100,1
user_0896,item_0113,1
user_0896,item_0118,1
user_0897,item_0084,5
user_0897,item_0091,5
user_0897,item_0055,2
user_0897,item_0064,2
user_0897,item_0077,2
user_0897,item_0093,2
user_0897,item_0007,1
user_0897,item_0080,1
user_0897,item_0086,1
user_0897,item_0145,1
user_0897,item_0171,1
user_0897,item_0197,1
user_0898,item_0145,5
user_0898,item_0194,5
user_0898,item_0131,2
user_0898,item_0162,2
user_0898,item_0022,1
user_0898,item_0066,1
user_0898,item_0077,1
user_0898,item_0164,1
user_0899,item_0002,5
user_0899,item_0018,2
user_0899,item_0128,2
user_0899,item_0134,2
user_0899,item_0035,1
user_0899,item_0046,1
user_0899,item_0069,1
user_0899,item_0075,1
user_0899,item_0077,1
user_0899,item_0085,1
user_0899,item_0111,1
user_0899,item_0114,1
user_0899,item_0116,1
user_0899,item_0138,1
user_0900,item_0125,5
user_0900,item_0169,5
user_0900,item_0012,2
user_0900,item_0054,2
user_0900,item_0069,2
user_0900,item_0099,2
user_0900,item_0130,2
user_0900,item_0128,1
user_0900,item_0158,1
user_0900,item_0168,1
user_0900,item_0174,1
user_0900,item_0179,1
user_0901,item_0087,5
user_0901,item_0032,2
user_0901,item_0037,2
user_0901,item_0141,2
user_0901,item_0157,2
user_0901,item_0001,1
user_0901,item_0007,1
user_0901,item_0020,1
user_0901,item_0026,1
user_0901,item_0048,1
user_0901,item_0049,1
user_0901,item_0070,1
user_0901,item_0102,1
user_0901,item_0111,1
user_0901,item_0135,1
user_0901,item_0142,1
user_0901,item_0167,1
user_0901,item_0197,1
user_0902,item_0049,5
user_0902,item_0000,1
user_0902,item_0038,1
user_0902,item_0053,1
user_0902,item_0063,1
user_0902,item_0117,1
user_0902,item_0131,1
user_0902,item_0168,1
user_0903,item_0039,5
user_0903,item_0007,2
user_0903,item_0054,2
user_0903,item_0068,2
user_0903,item_0080,2
user_0903,item_0085,2
user_0903,item_0140,2
user_0903,item_0000,1
user_0903,item_0004,1
user_0903,item_0017,1
user_0903,item_0023,1
user_0903,item_0051,1
user_0903,item_0066,1
user_0903,item_0107,1
user_0903,item_0130,1
user_0903,item_0152,1
user_0903,item_0158,1
user_0903,item_0165,1
user_0903,item_0171,1
user_0903,item_0174,1
user_0903,item_0197,1
user_0904,item_0110,5
user_0904,item_0024,2
user_0904,item_0068,2
user_0904,item_0131,2
user_0904,item_0028,1
user_0904,item_0031,1
user_0904,item_0033,1
user_0904,item_0043,1
user_0904,item_0048,1
user_0904,item_0060,1
user_0904,item_0067,1
user_0904,item_0071,1
user_0904,item_0092,1
user_0904,item_0093,1
user_0904,item_0099,1
user_0904,item_0100,1
user_0904,item_0102,1
user_0904,item_0134,1
user_0904,item_0141,1
user_0904,item_0156,1
user_0904,item_0191,1
user_0905,item_0001,5
user_0905,item_0122,5
user_0905,item_0016,2
user_0905,item_0140,2
user_0905,item_0035,1
user_0905,item_0040,1
user_0905,item_0066,1
user_0905,item_0083,1
user_0905,item_0110,1
user_0905,item_0158,1
user_0905,item_0163,1
user_0905,item_0192,1
user_0905,item_0196,1
user_0906,item_0156,2
user_0906,item_0094,1
user_0906,item_0127,1
user_0907,item_0151,5
user_0907,item_0165,2
user_0907,item_0024,1
user_0907,item_0026,1
user_0907,item_0028,1
user_0907,item_0066,1
user_0907,item_0069,1
user_0907,item_0117,1
user_0907,item_0118,1
user_0907,item_0131,1
user_0907,item_0137,1
user_0907,item_0145,1
user_0907,item_0159,1
user_0907,item_0160,1
user_0907,item_0174,1
user_0908,item_0118,5
user_0908,item_0135,5
user_0908,item_0089,2
user_0908,item_0192,2
user_0908,item_0198,2
user_0908,item_0002,1
user_0908,item_0017,1
user_0908,item_0058,1
user_0908,item_0084,1
user_0908,item_0092,1
user_0909,item_0039,5
user_0909,item_0084,2
user_0909,item_0088,2
user_0909,item_0170,2
user_0909,item_0001,1
user_0909,item_0042,1
user_0909,item_0057,1
user_0909,item_0134,1
user_0909,item_0144,1
user_0910,item_0092,5
user_0910,item_0199,5
user_0910,item_0010,2
user_0910,item_0016,2
user_0910,item_0104,2
user_0910,item_0003,1
user_0910,item_0012,1
user_0910,item_0058,1
user_0910,item_0089,1
user_0910,item_0114,1
user_0910,item_0155,1
user_0910,item_0188,1
user_0911,item_0153,5
user_0911,item_0085,2
user_0911,item_0103,1
user_0912,item_0001,5
user_0912,item_0085,5
user_0912,item_0097,5
user_0912,item_0124,5
user_0912,item_0005,2
user_0912,item_0079,2
user_0912,item_0106,2
user_0912,item_0114,2
user_0912,item_0146,2
user_0912,item_0016,1
user_0912,item_0031,1
user_0912,item_0053,1
user_0912,item_0074,1
user_0912,item_0080,1
user_0912,item_0098,1
user_0912,item_0131,1
user_0912,item_0154,1
user_0912,item_0161,1
user_0912,item_0170,1
user_0912,item_0185,1
user_0912,item_0198,1
user_0913,item_0106,5
user_0913,item_0040,2
user_0913,item_0042,2
user_0913,item_0125,2
user_0913,item_0174,2
user_0913,item_0037,1
user_0913,item_0078,1
user_0913,item_0095,1
user_0913,item_0179,1
user_0913,item_0181,1
user_0913,item_0182,1
user_0914,item_0138,5
user_0914,item_0024,2
user_0914,item_0029,2
user_0914,item_0146,2
user_0914,item_0156,2
user_0914,item_0179,2
user_0914,item_0070,1
user_0914,item_0099,1
user_0914,item_0110,1
user_0914,item_0189,1
user_0914,item_0192,1
user_0914,item_0197,1
user_0914,item_0199,1
user_0915,item_0024,5
user_0915,item_0099,1
user_0915,item_0122,1
user_0915,item_0130,1
user_0916,item_0164,1
user_0916,item_0188,1
user_0917,item_0041,5
user_0917,item_0076,5
user_0917,item_0015,2
user_0917,item_0028,2
user_0917,item_0150,2
user_0917,item_0022,1
user_0917,item_0036,1
user_0917,item_0046,1
user_0917,item_0077,1
user_0917,item_0095,1
user_0917,item_0117,1
user_0917,item_0151,1
user_0917,item_0160,1
user_0917,item_0190,1
user_0917,item_0199,1
user_0918,item_0069,1
user_0919,item_0016,5
user_0919,item_0125,5
user_0919,item_0002,2
user_0919,item_0019,2
user_0919,item_0064,2
user_0919,item_0112,2
user_0919,item_0145,2
user_0919,item_0152,2
user_0919,item_0195,2
user_0919,item_0197,2
user_0919,item_0013,1
user_0919,item_0027,1
user_0919,item_0089,1
user_0919,item_0091,1
user_0919,item_0106,1
user_0919,item_0111,1
user_0919,item_0131,1
user_0919,item_0141,1
user_0919,item_0153,1
user_0919,item_0163,1
user_0919,item_0182,1
user_0919,item_0192,1
user_0920,item_0177,5
user_0920,item_0002,2
user_0920,item_0064,2
user_0920,item_0150,2
user_0920,item_0010,1
user_0920,item_0048,1
user_0920,item_0051,1
user_0920,item_0063,1
user_0920,item_0093,1
user_0920,item_0120,1
user_0920,item_0170,1
user_0921,item_0071,2
user_0921,item_0195,2
user_0921,item_0066,1
user_0921,item_0197,1
user_0922,item_0060,1
user_0922,item_0148,1
user_0922,item_0175,1
user_0922,item_0177,1
user_0923,item_0049,5
user_0923,item_0039,2
user_0923,item_0080,2
user_0923,item_0083,2
user_0923,item_0134,2
user_0923,item_0013,1
user_0923,item_0023,1
user_0923,item_0063,1
user_0923,item_0100,1
user_0923,item_0182,1
user_0923,item_0196,1
user_0924,item_0002,5
user_0924,item_0069,2
user_0924,item_0106,2
user_0924,item_0186,2
user_0924,item_0001,1
user_0924,item_0044,1
user_0924,item_0073,1
user_0924,item_0078,1
user_0924,item_0097,1
user_0924,item_0126,1
user_0924,item_0131,1
user_0924,item_0142,1
user_0924,item_0144,1
user_0924,item_0184,1
user_0925,item_0001,5
user_0925,item_0002,5
user_0925,item_0096,2
user_0925,item_0015,1
user_0925,item_0018,1
user_0925,item_0030,1
user_0925,item_0034,1
user_0925,item_0037,1
user_0925,item_0069,1
user_0925,item_0080,1
user_0925,item_0090,1
user_0925,item_0115,1
user_0925,item_0116,1
user_0925,item_0128,1
user_0925,item_0143,1
user_0925,item_0146,1
user_0925,item_0150,1
user_0925,item_0155,1
user_0925,item_0175,1
user_0925,item_0185,1
user_0925,item_0191,1
user_0925,item_0196,1
user_0926,item_0054,2
user_0926,item_0121,1
user_0926,item_0170,1
user_0927,item_0066,2
user_0927,item_0157,2
user_0927,item_0042,1
user_0927,item_0046,1
user_0927,item_0098,1
user_0927,item_0104,1
user_0927,item_0132,1
user_0927,item_0151,1
user_0927,item_0158,1
user_0927,item_0167,1
user_0927,item_0195,1
user_0928,item_0050,5
user_0928,item_0104,5
user_0928,item_0187,5
user_0928,item_0033,2
user_0928,item_0060,2
user_0928,item_0077,2
user_0928,item_0156,2
user_0928,item_0010,1
user_0928,item_0020,1
user_0928,item_0045,1
user_0928,item_0075,1
user_0928,item_0097,1
user_0928,item_0139,1
user_0928,item_0141,1
user_0928,item_0158,1
user_0928,item_0168,1
user_0928,item_0177,1
user_0928,item_0178,1
user_0928,item_0196,1
user_0929,item_0094,5
user_0929,item_0002,2
user_0929,item_0064,2
user_0929,item_0073,2
user_0929,item_0092,2
user_0929,item_0008,1
user_0929,item_0013,1
user_0929,item_0059,1
user_0929,item_0062,1
user_0929,item_0074,1
user_0929,item_0080,1
user_0929,item_0085,1
user_0929,item_0097,1
user_0929,item_0128,1
user_0929,item_0137,1
user_0929,item_0141,1
user_0929,item_0157,1
user_0929,item_0168,1
user_0929,item_0171,1
user_0929,item_0173,1
user_0929,item_0176,1
user_0930,item_0188,5
user_0930,item_0100,1
user_0930,item_0138,1
user_0930,item_0198,1
user_0931,item_0197,5
user_0931,item_0067,2
user_0931,item_0116,2
user_0931,item_0153,2
user_0931,item_0156,2
user_0931,item_0175,2
user_0931,item_0012,1
user_0931,item_0060,1
user_0931,item_0068,1
user_0931,item_0105,1
user_0931,item_0112,1
user_0931,item_0136,1
user_0931,item_0138,1
user_0931,item_0146,1
user_0931,item_0154,1
user_0931,item_0180,1
user_0931,item_0192,1
user_0932,item_0144,5
user_0932,item_0016,2
user_0932,item_0024,2
user_0932,item_0126,2
user_0932,item_0132,2
user_0932,item_0180,2
user_0932,item_0034,1
user_0932,item_0058,1
user_0932,item_0081,1
user_0932,item_0158,1
user_0932,item_0162,1
user_0932,item_0190,1
user_0933,item_0039,5
user_0933,item_0089,5
user_0933,item_0091,2
user_0933,item_0181,2
user_0933,item_0019,1
user_0933,item_0023,1
user_0933,item_0033,1
user_0933,item_0034,1
user_0933,item_0061,1
user_0933,item_0073,1
user_0933,item_0094,1
user_0933,item_0116,1
user_0933,item_0146,1
user_0933,item_0150,1
user_0933,item_0160,1
user_0933,item_0169,1
user_0933,item_0170,1
user_0933,item_0189,1
user_0933,item_0192,1
user_0934,item_0033,2
user_0934,item_0097,2
user_0934,item_0099,2
user_0934,item_0112,2
user_0934,item_0007,1
user_0934,item_0023,1
user_0934,item_0028,1
user_0934,item_0059,1
user_0934,item_0060,1
user_0934,item_0067,1
user_0934,item_0069,1
user_0934,item_0100,1
user_0934,item_0128,1
user_0934,item_0159,1
user_0934,item_0173,1
user_0934,item_0187,1
user_0934,item_0192,1
user_0935,item_0021,2
user_0935,item_0030,1
user_0935,item_0059,1
user_0935,item_0062,1
user_0935,item_0070,1
user_0935,item_0076,1
user_0935,item_0111,1
user_0935,item_0172,1
user_0935,item_0193,1
user_0936,item_0029,5
user_0936,item_0056,5
user_0936,item_0116,5
user_0936,item_0111,2
user_0936,item_0118,2
user_0936,item_0156,2
user_0936,item_0010,1
user_0936,item_0021,1
user_0936,item_0044,1
user_0936,item_0059,1
user_0936,item_0079,1
user_0936,item_0084,1
user_0936,item_0085,1
user_0936,item_0087,1
user_0936,item_0105,1
user_0936,item_0125,1
user_0936,item_0136,1
user_0936,item_0149,1
user_0936,item_0153,1
user_0936,item_0159,1
user_0936,item_0168,1
user_0936,item_0190,1
user_0937,item_0016,5
user_0937,item_0004,1
user_0937,item_0101,1
user_0937,item_0115,1
user_0937,item_0119,1
user_0937,item_0141,1
user_0938,item_0088,5
user_0938,item_0122,5
user_0938,item_0134,5
user_0938,item_0046,2
user_0938,item_0068,2
user_0938,item_0107,2
user_0938,item_0139,2
user_0938,item_0142,2
user_0938,item_0159,2
user_0938,item_0187,2
user_0938,item_0002,1
user_0938,item_0010,1
user_0938,item_0014,1
user_0938,item_0021,1
user_0938,item_0042,1
user_0938,item_0054,1
user_0938,item_0066,1
user_0938,item_0069,1
user_0938,item_0082,1
user_0938,item_0085,1
user_0938,item_0104,1
user_0938,item_0132,1
user_0938,item_0147,1
user_0939,item_0004,2
user_0939,item_0084,2
user_0939,item_0153,2
user_0939,item_0159,2
user_0939,item_0162,2
user_0939,item_0178,2
user_0939,item_0047,1
user_0939,item_0066,1
user_0939,item_0134,1
user_0939,item_0167,1
user_0939,item_0169,1
user_0939,item_0171,1
user_0939,item_0197,1
user_0940,item_0018,1
user_0940,item_0056,1
user_0940,item_0137,1
user_0940,item_0191,1
user_0941,item_0122,5
user_0941,item_0172,5
user_0941,item_0175,2
user_0941,item_0000,1
user_0941,item_0102,1
user_0941,item_0123,1
user_0941,item_0182,1
user_0941,item_0186,1
user_0942,item_0046,5
user_0942,item_0010,2
user_0942,item_0175,2
user_0942,item_0196,2
user_0942,item_0025,1
user_0942,item_0048,1
user_0942,item_0057,1
user_0942,item_0071,1
user_0942,item_0113,1
user_0942,item_0162,1
user_0942,item_0166,1
user_0942,item_0199,1
user_0943,item_0024,1
user_0943,item_0031,1
user_0943,item_0088,1
user_0943,item_0116,1
user_0943,item_0147,1
user_0943,item_0160,1
user_0944,item_0016,2
user_0944,item_0032,2
user_0944,item_0043,2
user_0944,item_0054,2
user_0944,item_0100,2
user_0944,item_0101,2
user_0944,item_0111,2
user_0944,item_0038,1
user_0944,item_0059,1
user_0944,item_0064,1
user_0944,item_0069,1
user_0944,item_0074,1
user_0944,item_0076,1
user_0944,item_0125,1
user_0944,item_0138,1
user_0944,item_0144,1
user_0944,item_0171,1
user_0944,item_0198,1
user_0945,item_0017,5
user_0945,item_0037,5
user_0945,item_0076,5
user_0945,item_0107,5
user_0945,item_0042,2
user_0945,item_0073,2
user_0945,item_0095,2
user_0945,item_0142,2
user_0945,item_0032,1
user_0945,item_0045,1
user_0945,item_0111,1
user_0945,item_0119,1
user_0945,item_0123,1
user_0945,item_0126,1
user_0945,item_0130,1
user_0945,item_0183,1
user_0945,item_0191,1
user_0946,item_0036,5
user_0946,item_0145,5
user_0946,item_0025,2
user_0946,item_0041,2
user_0946,item_0060,2
user_0946,item_0010,1
user_0946,item_0124,1
user_0946,item_0135,1
user_0947,item_0188,5
user_0947,item_0003,2
user_0947,item_0043,2
user_0947,item_0046,2
user_0947,item_0070,2
user_0947,item_0085,2
user_0947,item_0095,2
user_0947,item_0109,2
user_0947,item_0167,2
user_0947,item_0190,2
user_0947,item_0004,1
user_0947,item_0005,1
user_0947,item_0008,1
user_0947,item_0012,1
user_0947,item_0018,1
user_0947,item_0051,1
user_0947,item_0063,1
user_0947,item_0081,1
user_0947,item_0111,1
user_0947,item_0129,1
user_0947,item_0132,1
user_0947,item_0152,1
user_0947,item_0159,1
user_0947,item_0163,1
user_0948,item_0143,5
user_0948,item_0147,5
user_0948,item_0175,5
user_0948,item_0195,5
user_0948,item_0032,2
user_0948,item_0106,2
user_0948,item_0021,1
user_0948,item_0041,1
user_0948,item_0091,1
user_0948,item_0098,1
user_0948,item_0151,1
user_0948,item_0162,1
user_0948,item_0188,1
user_0948,item_0193,1
user_0949,item_0017,5
user_0949,item_0101,5
user_0949,item_0041,2
user_0949,item_0055,2
user_0949,item_0155,2
user_0949,item_0195,2
user_0950,item_0001,5
user_0950,item_0160,5
user_0950,item_0011,2
user_0950,item_0082,1
user_0950,item_0084,1
user_0950,item_0086,1
user_0950,item_0093,1
user_0950,item_0095,1
user_0950,item_0102,1
user_0950,item_0103,1
user_0950,item_0114,1
user_0950,item_0122,1
user_0950,item_0128,1
user_0950,item_0129,1
user_0950,item_0150,1
user_0950,item_0194,1
user_0951,item_0000,5
user_0951,item_0144,2
user_0951,item_0070,1
user_0951,item_0110,1
user_0951,item_0116,1
user_0951,item_0143,1
user_0951,item_0178,1
user_0952,item_0139,5
user_0952,item_0197,5
user_0952,item_0053,2
user_0952,item_0075,2
user_0952,item_0079,2
user_0952,item_0119,2
user_0952,item_0185,2
user_0952,item_0005,1
user_0952,item_0032,1
user_0952,item_0047,1
user_0952,item_0080,1
user_0952,item_0109,1
user_0952,item_0110,1
user_0952,item_0128,1
user_0952,item_0140,1
user_0952,item_0143,1
user_0952,item_0174,1
user_0952,item_0198,1
user_0953,item_0067,5
user_0953,item_0108,2
user_0953,item_0123,2
user_0953,item_0146,2
user_0953,item_0160,2
user_0953,item_0003,1
user_0953,item_0010,1
user_0953,item_0033,1
user_0953,item_0042,1
user_0953,item_0045,1
user_0953,item_0100,1
user_0953,item_0135,1
user_0953,item_0136,1
user_0953,item_0138,1
user_0953,item_0162,1
user_0953,item_0171,1
user_0953,item_0174,1
user_0953,item_0180,1
user_0953,item_0199,1
user_0954,item_0060,2
user_0954,item_0080,1
user_0954,item_0104,1
user_0955,item_0116,5
user_0955,item_0160,5
user_0955,item_0029,2
user_0955,item_0127,2
user_0955,item_0176,2
user_0955,item_0034,1
user_0955,item_0072,1
user_0955,item_0087,1
user_0955,item_0108,1
user_0955,item_0121,1
user_0955,item_0166,1
user_0956,item_0006,5
user_0956,item_0038,2
user_0956,item_0007,1
user_0956,item_0013,1
user_0956,item_0050,1
user_0956,item_0075,1
user_0956,item_0080,1
user_0956,item_0114,1
user_0956,item_0159,1
user_0956,item_0160,1
user_0956,item_0176,1
user_0956,item_0195,1
user_0956,item_0197,1
user_0957,item_0189,5
user_0957,item_0019,2
user_0957,item_0080,2
user_0957,item_0089,2
user_0957,item_0098,2
user_0957,item_0107,2
user_0957,item_0140,2
user_0957,item_0071,1
user_0957,item_0072,1
user_0957,item_0082,1
user_0957,item_0096,1
user_0957,item_0100,1
user_0957,item_0101,1
user_0957,item_0129,1
user_0957,item_0141,1
user_0957,item_0167,1
user_0957,item_0175,1
user_0958,item_0009,2
user_0958,item_0011,2
user_0958,item_0038,2
user_0958,item_0055,2
user_0958,item_0002,1
user_0958,item_0016,1
user_0958,item_0059,1
user_0958,item_0060,1
user_0958,item_0112,1
user_0958,item_0119,1
user_0958,item_0154,1
user_0958,item_0155,1
user_0958,item_0165,1
user_0959,item_0137,5
user_0959,item_0149,5
user_0959,item_0038,2
user_0959,item_0144,2
user_0959,item_0153,2
user_0959,item_0162,2
user_0959,item_0163,2
user_0959,item_0178,2
user_0959,item_0010,1
user_0959,item_0019,1
user_0959,item_0029,1
user_0959,item_0048,1
user_0959,item_0059,1
user_0959,item_0067,1
user_0959,item_0071,1
user_0959,item_0082,1
user_0959,item_0083,1
user_0959,item_0087,1
user_0959,item_0093,1
user_0959,item_0100,1
user_0959,item_0126,1
user_0959,item_0199,1
user_0960,item_0151,1
user_0961,item_0092,5
user_0961,item_0032,2
user_0961,item_0031,1
user_0962,item_0042,1
user_0962,item_0157,1
user_0963,item_0118,1
user_0963,item_0198,1
user_0964,item_0184,5
user_0964,item_0074,2
user_0964,item_0189,2
user_0964,item_0009,1
user_0964,item_0015,1
user_0964,item_0024,1
user_0964,item_0055,1
user_0964,item_0066,1
user_0964,item_0121,1
user_0964,item_0128,1
user_0964,item_0130,1
user_0964,item_0133,1
user_0964,item_0174,1
user_0964,item_0199,1
user_0965,item_0032,2
user_0965,item_0108,2
user_0965,item_0192,2
user_0965,item_0027,1
user_0965,item_0034,1
user_0965,item_0061,1
user_0965,item_0070,1
user_0965,item_0082,1
user_0965,item_0144,1
user_0965,item_0148,1
user_0965,item_0161,1
user_0965,item_0179,1
user_0965,item_0186,1
user_0966,item_0047,5
user_0966,item_0055,1
user_0966,item_0097,1
user_0966,item_0109,1
user_0966,item_0110,1
user_0966,item_0111,1
user_0966,item_0119,1
user_0966,item_0125,1
user_0966,item_0181,1
user_0967,item_0062,5
user_0967,item_0083,5
user_0967,item_0117,5
user_0967,item_0020,2
user_0967,item_0027,2
user_0967,item_0042,2
user_0967,item_0019,1
user_0967,item_0050,1
user_0967,item_0079,1
user_0967,item_0084,1
user_0967,item_0099,1
user_0967,item_0114,1
user_0967,item_0127,1
user_0967,item_0141,1
user_0967,item_0142,1
user_0967,item_0159,1
user_0967,item_0164,1
user_0967,item_0185,1
user_0967,item_0194,1
user_0968,item_0104,5
user_0968,item_0031,2
user_0968,item_0179,2
user_0968,item_0080,1
user_0968,item_0091,1
user_0968,item_0098,1
user_0968,item_0124,1
user_0968,item_0151,1
user_0968,item_0176,1
user_0968,item_0197,1
user_0969,item_0140,5
user_0969,item_0004,2
user_0969,item_0053,2
user_0969,item_0055,2
user_0969,item_0089,2
user_0969,item_0109,2
user_0969,item_0006,1
user_0969,item_0088,1
user_0969,item_0166,1
user_0969,item_0197,1
user_0970,item_0044,5
user_0970,item_0067,5
user_0970,item_0015,2
user_0970,item_0049,2
user_0970,item_0060,2
user_0970,item_0064,2
user_0970,item_0088,2
user_0970,item_0090,2
user_0970,item_0099,2
user_0970,item_0100,2
user_0970,item_0133,2
user_0970,item_0190,2
user_0970,item_0039,1
user_0970,item_0050,1
user_0970,item_0056,1
user_0970,item_0103,1
user_0970,item_0105,1
user_0970,item_0106,1
user_0970,item_0114,1
user_0970,item_0143,1
user_0970,item_0156,1
user_0970,item_0167,1
user_0971,item_0021,5
user_0971,item_0048,5
user_0971,item_0067,5
user_0971,item_0015,2
user_0971,item_0094,2
user_0971,item_0128,2
user_0971,item_0162,2
user_0971,item_0173,2
user_0971,item_0014,1
user_0971,item_0022,1
user_0971,item_0028,1
user_0971,item_0035,1
user_0971,item_0045,1
user_0971,item_0050,1
user_0971,item_0060,1
user_0971,item_0116,1
user_0971,item_0135,1
user_0971,item_0148,1
user_0971,item_0166,1
user_0971,item_0190,1
user_0972,item_0028,5
user_0972,item_0118,5
user_0972,item_0037,2
user_0972,item_0066,2
user_0972,item_0101,2
user_0972,item_0122,2
user_0972,item_0153,2
user_0972,item_0002,1
user_0972,item_0017,1
user_0972,item_0061,1
user_0972,item_0082,1
user_0972,item_0085,1
user_0972,item_0090,1
user_0972,item_0091,1
user_0972,item_0097,1
user_0972,item_0129,1
user_0972,item_0180,1
user_0973,item_0104,5
user_0973,item_0028,2
user_0973,item_0030,2
user_0973,item_0061,2
user_0973,item_0076,2
user_0973,item_0013,1
user_0973,item_0018,1
user_0973,item_0039,1
user_0973,item_0044,1
user_0973,item_0064,1
user_0973,item_0069,1
user_0973,item_0132,1
user_0973,item_0136,1
user_0973,item_0143,1
user_0973,item_0195,1
user_0974,item_0154,5
user_0974,item_0156,2
user_0974,item_0025,1
user_0974,item_0056,1
user_0974,item_0131,1
user_0974,item_0134,1
user_0974,item_0153,1
user_0975,item_0013,5
user_0975,item_0092,2
user_0975,item_0107,2
user_0975,item_0149,2
user_0975,item_0180,2
user_0975,item_0197,2
user_0975,item_0003,1
user_0975,item_0020,1
user_0975,item_0029,1
user_0975,item_0047,1
user_0975,item_0055,1
user_0975,item_0059,1
user_0975,item_0062,1
user_0975,item_0074,1
user_0975,item_0088,1
user_0975,item_0110,1
user_0976,item_0073,5
user_0976,item_0097,5
user_0976,item_0109,5
user_0976,item_0021,2
user_0976,item_0134,2
user_0976,item_0140,2
user_0976,item_0185,2
user_0976,item_0002,1
user_0976,item_0011,1
user_0976,item_0094,1
user_0976,item_0133,1
user_0976,item_0145,1
user_0976,item_0147,1
user_0976,item_0151,1
user_0976,item_0163,1
user_0976,item_0166,1
user_0976,item_0173,1
user_0976,item_0174,1
user_0976,item_0178,1
user_0976,item_0183,1
user_0977,item_0122,5
user_0977,item_0129,5
user_0977,item_0188,5
user_0977,item_0001,2
user_0977,item_0017,2
user_0977,item_0069,2
user_0977,item_0151,2
user_0977,item_0164,2
user_0977,item_0015,1
user_0977,item_0030,1
user_0977,item_0034,1
user_0977,item_0039,1
user_0977,item_0045,1
user_0977,item_0093,1
user_0977,item_0156,1
user_0977,item_0160,1
user_0977,item_0168,1
user_0977,item_0176,1
user_0977,item_0178,1
user_0978,item_0000,5
user_0978,item_0146,5
user_0978,item_0056,2
user_0978,item_0098,2
user_0978,item_0105,2
user_0978,item_0005,1
user_0978,item_0058,1
user_0978,item_0066,1
user_0978,item_0081,1
user_0978,item_0100,1
user_0978,item_0141,1
user_0978,item_0149,1
user_0978,item_0157,1
user_0978,item_0185,1
user_0978,item_0194,1
user_0979,item_0031,5
user_0979,item_0155,5
user_0979,item_0003,2
user_0979,item_0015,2
user_0979,item_0043,1
user_0980,item_0096,2
user_0980,item_0123,2
user_0980,item_0011,1
user_0980,item_0027,1
user_0980,item_0047,1
user_0980,item_0137,1
user_0980,item_0160,1
user_0980,item_0170,1
user_0981,item_0044,5
user_0981,item_0123,5
user_0981,item_0059,2
user_0981,item_0100,2
user_0981,item_0110,2
user_0981,item_0018,1
user_0981,item_0030,1
user_0981,item_0031,1
user_0981,item_0056,1
user_0981,item_0112,1
user_0981,item_0137,1
user_0981,item_0156,1
user_0981,item_0158,1
user_0982,item_0125,5
user_0982,item_0144,2
user_0982,item_0145,2
user_0982,item_0178,2
user_0982,item_0013,1
user_0982,item_0028,1
user_0982,item_0066,1
user_0982,item_0078,1
user_0982,item_0106,1
user_0982,item_0161,1
user_0982,item_0169,1
user_0982,item_0170,1
user_0982,item_0191,1
user_0983,item_0059,5
user_0983,item_0100,5
user_0983,item_0015,2
user_0983,item_0043,2
user_0983,item_0052,2
user_0983,item_0057,2
user_0983,item_0068,2
user_0983,item_0075,2
user_0983,item_0090,2
user_0983,item_0128,2
user_0983,item_0160,2
user_0983,item_0167,2
user_0983,item_0181,2
user_0983,item_0005,1
user_0983,item_0009,1
user_0983,item_0020,1
user_0983,item_0041,1
user_0983,item_0061,1
user_0983,item_0092,1
user_0983,item_0107,1
user_0983,item_0158,1
user_0983,item_0173,1
user_0984,item_0018,5
user_0984,item_0139,5
user_0984,item_0154,5
user_0984,item_0026,1
user_0984,item_0027,1
user_0984,item_0033,1
user_0984,item_0055,1
user_0984,item_0066,1
user_0984,item_0072,1
user_0984,item_0082,1
user_0984,item_0121,1
user_0984,item_0133,1
user_0985,item_0034,5
user_0985,item_0159,5
user_0985,item_0195,5
user_0985,item_0035,2
user_0985,item_0038,2
user_0985,item_0059,2
user_0985,item_0087,2
user_0985,item_0128,2
user_0985,item_0154,2
user_0985,item_0013,1
user_0986,item_0008,2
user_0986,item_0033,2
user_0986,item_0071,2
user_0986,item_0006,1
user_0986,item_0011,1
user_0986,item_0072,1
user_0986,item_0093,1
user_0986,item_0103,1
user_0986,item_0106,1
user_0986,item_0148,1
user_0986,item_0161,1
user_0986,item_0196,1
user_0987,item_0022,5
user_0987,item_0059,5
user_0987,item_0061,5
user_0987,item_0196,5
user_0987,item_0063,2
user_0987,item_0064,2
user_0987,item_0065,2
user_0987,item_0019,1
user_0987,item_0039,1
user_0987,item_0095,1
user_0987,item_0098,1
user_0987,item_0125,1
user_0987,item_0142,1
user_0987,item_0167,1
user_0987,item_0182,1
user_0988,item_0154,5
user_0988,item_0037,1
user_0988,item_0083,1
user_0988,item_0089,1
user_0988,item_0116,1
user_0988,item_0121,1
user_0988,item_0136,1
user_0988,item_0193,1
user_0989,item_0186,5
user_0989,item_0039,2
user_0989,item_0077,2
user_0989,item_0001,1
user_0989,item_0008,1
user_0989,item_0036,1
user_0989,item_0058,1
user_0989,item_0084,1
user_0989,item_0085,1
user_0989,item_0150,1
user_0989,item_0154,1
user_0989,item_0170,1
user_0990,item_0005,2
user_0990,item_0069,2
user_0990,item_0148,2
user_0990,item_0156,2
user_0990,item_0001,1
user_0990,item_0003,1
user_0990,item_0006,1
user_0990,item_0036,1
user_0990,item_0043,1
user_0990,item_0051,1
user_0990,item_0053,1
user_0990,item_0076,1
user_0990,item_0080,1
user_0990,item_0090,1
user_0990,item_0100,1
user_0990,item_0122,1
user_0990,item_0130,1
user_0990,item_0137,1
user_0990,item_0143,1
user_0990,item_0149,1
user_0991,item_0161,2
user_0991,item_0179,2
user_0991,item_0034,1
user_0991,item_0040,1
user_0991,item_0060,1
user_0991,item_0074,1
user_0991,item_0075,1
user_0991,item_0100,1
user_0991,item_0166,1
user_0991,item_0184,1
user_0991,item_0195,1
user_0992,item_0042,5
user_0992,item_0123,2
user_0992,item_0153,2
user_0992,item_0001,1
user_0992,item_0016,1
user_0992,item_0032,1
user_0992,item_0044,1
user_0992,item_0051,1
user_0992,item_0073,1
user_0992,item_0128,1
user_0992,item_0193,1
user_0992,item_0199,1
user_0993,item_0006,2
user_0993,item_0037,1
user_0993,item_0044,1
user_0993,item_0062,1
user_0993,item_0104,1
user_0993,item_0107,1
user_0993,item_0175,1
user_0993,item_0180,1
user_0994,item_0065,5
user_0994,item_0066,2
user_0994,item_0089,2
user_0994,item_0003,1
user_0994,item_0016,1
user_0994,item_0025,1
user_0994,item_0035,1
user_0994,item_0044,1
user_0994,item_0078,1
user_0994,item_0099,1
user_0994,item_0108,1
user_0994,item_0144,1
user_0994,item_0181,1
user_0994,item_0182,1
user_0994,item_0196,1
user_0995,item_0028,5
user_0995,item_0070,2
user_0995,item_0103,2
user_0995,item_0150,2
user_0995,item_0017,1
user_0995,item_0034,1
user_0995,item_0117,1
user_0995,item_0132,1
user_0995,item_0152,1
user_0996,item_0061,5
user_0996,item_0045,2
user_0996,item_0064,2
user_0996,item_0104,2
user_0996,item_0107,2
user_0996,item_0135,2
user_0996,item_0162,2
user_0996,item_0046,1
user_0996,item_0067,1
user_0996,item_0083,1
user_0996,item_0095,1
user_0996,item_0125,1
user_0996,item_0128,1
user_0996,item_0183,1
user_0996,item_0198,1
user_0997,item_0198,2
user_0997,item_0091,1
user_0997,item_0113,1
user_0998,item_0052,2
user_0998,item_0120,2
user_0998,item_0121,2
user_0998,item_0129,2
user_0998,item_0180,2
user_0998,item_0000,1
user_0998,item_0003,1
user_0998,item_0021,1
user_0998,item_0038,1
user_0998,item_0059,1
user_0998,item_0066,1
user_0998,item_0155,1
user_0998,item_0156,1
user_0998,item_0162,1
user_0998,item_0166,1
user_0998,item_0168,1
user_0998,item_0194,1
user_0999,item_0061,5
user_0999,item_0187,5
user_0999,item_0012,2
user_0999,item_0024,2
user_0999,item_0056,2
user_0999,item_0058,2
user_0999,item_0144,2
user_0999,item_0199,2
user_0999,item_0007,1
user_0999,item_0015,1
user_0999,item_0028,1
user_0999,item_0033,1
user_0999,item_0045,1
user_0999,item_0047,1
user_0999,item_0053,1
user_0999,item_0083,1
user_0999,item_0084,1
user_0999,item_0100,1
user_0999,item_0133,1
user_0999,item_0146,1
user_0999,item_0170,1
user_0999,item_0177,1
user_0999,item_0190,1
